MachineID,LineID,Name,Status,DowntimeCause,RepairTime,UtilizationRate,DowntimeCost
1,4,Drilling Machine,Maintenance,Setup Time,7,0.78,3500
2,4,Drilling Machine,Idle,Setup Time,0,0.83,0
3,4,Robotic Arm,Operational,,0,0.63,0
4,2,Laser Cutter,Maintenance,Setup Time,3,0.73,1500
5,3,CNC Machine,Operational,,0,0.83,0
6,4,CNC Machine,Operational,,0,0.61,0
7,4,Conveyor Belt,Operational,,0,0.77,0
8,4,Robotic Arm,Maintenance,Maintenance,3,0.83,1500
9,1,Drilling Machine,Operational,,0,0.8,0
10,1,CNC Machine,Operational,,0,0.64,0
11,5,Robotic Arm,Maintenance,Failures,6,0.71,3000
12,2,Packaging Machine,Operational,,0,0.94,0
13,3,Packaging Machine,Operational,,0,0.74,0
14,3,Conveyor Belt,Operational,,0,0.87,0
15,3,Robotic Arm,Repair,Setup Time,8,0.74,4000
16,2,Injection Molder,Operational,,0,0.67,0
17,4,Robotic Arm,Maintenance,Maintenance,2,0.64,1000
18,1,Drilling Machine,Operational,,0,0.62,0
19,3,Injection Molder,Operational,,0,0.91,0
20,2,3D Printer,Operational,,0,0.95,0
21,1,Injection Molder,Operational,,0,0.77,0
22,2,Laser Cutter,Operational,,0,0.69,0
23,5,Robotic Arm,Operational,,0,0.71,0
24,2,Robotic Arm,Operational,,0,0.61,0
25,5,3D Printer,Operational,,0,0.86,0
26,3,Conveyor Belt,Operational,,0,0.84,0
27,5,Packaging Machine,Operational,,0,0.92,0
28,2,CNC Machine,Operational,,0,0.68,0
29,1,CNC Machine,Maintenance,Failures,3,0.92,1500
30,4,3D Printer,Operational,,0,0.76,0
31,2,3D Printer,Repair,Setup Time,10,0.62,5000
32,1,Laser Cutter,Operational,,0,0.78,0
33,2,Packaging Machine,Operational,,0,0.85,0
34,1,Conveyor Belt,Operational,,0,0.68,0
35,2,3D Printer,Operational,,0,0.67,0
36,3,CNC Machine,Operational,,0,0.65,0
37,5,Conveyor Belt,Maintenance,Maintenance,6,0.79,3000
38,2,Drilling Machine,Operational,,0,0.65,0
39,4,Injection Molder,Operational,,0,0.64,0
40,5,Packaging Machine,Operational,,0,0.84,0
41,5,3D Printer,Operational,,0,0.61,0
42,3,CNC Machine,Operational,,0,0.72,0
43,1,Packaging Machine,Maintenance,Setup Time,8,0.73,4000
44,1,Conveyor Belt,Operational,,0,0.81,0
45,5,Injection Molder,Operational,,0,0.95,0
46,1,CNC Machine,Operational,,0,0.86,0
47,4,Injection Molder,Operational,,0,0.65,0
48,2,Conveyor Belt,Operational,,0,0.83,0
49,4,Drilling Machine,Operational,,0,0.71,0
50,1,CNC Machine,Operational,,0,0.82,0
51,5,Drilling Machine,Operational,,0,0.85,0
52,4,3D Printer,Maintenance,Failures,10,0.95,5000
53,5,Laser Cutter,Operational,,0,0.83,0
54,1,3D Printer,Operational,,0,0.88,0
55,4,Laser Cutter,Operational,,0,0.64,0
56,4,Drilling Machine,Operational,,0,0.91,0
57,2,Robotic Arm,Operational,,0,0.87,0
58,4,Conveyor Belt,Operational,,0,0.84,0
59,5,Injection Molder,Operational,,0,0.8,0
60,5,Drilling Machine,Operational,,0,0.81,0
61,4,Robotic Arm,Repair,Setup Time,10,0.62,5000
62,4,Robotic Arm,Operational,,0,0.74,0
63,2,Packaging Machine,Operational,,0,0.67,0
64,2,Drilling Machine,Repair,Setup Time,5,0.75,2500
65,4,Packaging Machine,Maintenance,Setup Time,4,0.64,2000
66,1,Packaging Machine,Maintenance,Failures,7,0.93,3500
67,1,Packaging Machine,Maintenance,Setup Time,4,0.81,2000
68,1,Laser Cutter,Operational,,0,0.78,0
69,2,Conveyor Belt,Operational,,0,0.63,0
70,1,Laser Cutter,Operational,,0,0.9,0
71,5,Injection Molder,Operational,,0,0.91,0
72,2,Packaging Machine,Maintenance,Setup Time,1,0.88,500
73,2,Packaging Machine,Operational,,0,0.81,0
74,3,Robotic Arm,Operational,,0,0.86,0
75,2,CNC Machine,Operational,,0,0.74,0
76,1,3D Printer,Operational,,0,0.91,0
77,2,Laser Cutter,Repair,Failures,6,0.94,3000
78,1,Laser Cutter,Operational,,0,0.84,0
79,4,Packaging Machine,Maintenance,Setup Time,5,0.65,2500
80,5,Laser Cutter,Operational,,0,0.73,0
81,3,3D Printer,Operational,,0,0.9,0
82,1,Laser Cutter,Operational,,0,0.89,0
83,3,Injection Molder,Operational,,0,0.84,0
84,2,Laser Cutter,Operational,,0,0.74,0
85,2,Packaging Machine,Operational,,0,0.73,0
86,1,3D Printer,Operational,,0,0.62,0
87,3,CNC Machine,Maintenance,Maintenance,4,0.66,2000
88,2,Packaging Machine,Operational,,0,0.88,0
89,4,CNC Machine,Repair,Failures,4,0.76,2000
90,1,Injection Molder,Operational,,0,0.76,0
91,2,Drilling Machine,Maintenance,Setup Time,3,0.64,1500
92,3,CNC Machine,Operational,,0,0.73,0
93,2,Injection Molder,Operational,,0,0.7,0
94,2,Conveyor Belt,Operational,,0,0.85,0
95,1,Laser Cutter,Operational,,0,0.65,0
96,3,Injection Molder,Operational,,0,0.93,0
97,2,Conveyor Belt,Maintenance,Setup Time,1,0.72,500
98,1,Drilling Machine,Operational,,0,0.8,0
99,2,Injection Molder,Operational,,0,0.81,0
100,3,Drilling Machine,Operational,,0,0.81,0
101,3,Conveyor Belt,Repair,Failures,9,0.92,4500
102,3,Injection Molder,Maintenance,Setup Time,9,0.74,4500
103,4,3D Printer,Operational,,0,0.7,0
104,3,Conveyor Belt,Repair,Setup Time,10,0.76,5000
105,2,Packaging Machine,Operational,,0,0.69,0
106,5,3D Printer,Operational,,0,0.78,0
107,5,Injection Molder,Maintenance,Setup Time,9,0.84,4500
108,1,Conveyor Belt,Operational,,0,0.62,0
109,3,Conveyor Belt,Operational,,0,0.61,0
110,3,Packaging Machine,Operational,,0,0.67,0
111,1,Conveyor Belt,Operational,,0,0.81,0
112,1,3D Printer,Operational,,0,0.65,0
113,3,Conveyor Belt,Operational,,0,0.95,0
114,3,Drilling Machine,Operational,,0,0.89,0
115,4,Laser Cutter,Idle,Maintenance,0,0.69,0
116,1,3D Printer,Operational,,0,0.87,0
117,5,Packaging Machine,Maintenance,Failures,2,0.83,1000
118,1,Drilling Machine,Operational,,0,0.72,0
119,1,Robotic Arm,Maintenance,Setup Time,1,0.89,500
120,2,Drilling Machine,Operational,,0,0.65,0
121,1,Injection Molder,Operational,,0,0.84,0
122,2,3D Printer,Maintenance,Setup Time,9,0.8,4500
123,5,Drilling Machine,Repair,Setup Time,3,0.72,1500
124,3,Injection Molder,Operational,,0,0.9,0
125,5,Packaging Machine,Operational,,0,0.81,0
126,3,Injection Molder,Operational,,0,0.95,0
127,4,Conveyor Belt,Operational,,0,0.74,0
128,3,Robotic Arm,Operational,,0,0.85,0
129,4,CNC Machine,Operational,,0,0.83,0
130,5,Conveyor Belt,Maintenance,Setup Time,4,0.69,2000
131,3,Injection Molder,Repair,Setup Time,3,0.75,1500
132,3,3D Printer,Idle,Setup Time,0,0.74,0
133,3,3D Printer,Operational,,0,0.65,0
134,4,Injection Molder,Maintenance,Setup Time,4,0.83,2000
135,1,Laser Cutter,Operational,,0,0.75,0
136,5,Injection Molder,Repair,Failures,10,0.84,5000
137,2,Packaging Machine,Operational,,0,0.81,0
138,3,CNC Machine,Operational,,0,0.62,0
139,2,Conveyor Belt,Operational,,0,0.79,0
140,5,Injection Molder,Operational,,0,0.81,0
141,5,Injection Molder,Operational,,0,0.6,0
142,4,CNC Machine,Operational,,0,0.82,0
143,5,Injection Molder,Operational,,0,0.78,0
144,5,Drilling Machine,Operational,,0,0.73,0
145,4,Robotic Arm,Operational,,0,0.95,0
146,3,Injection Molder,Operational,,0,0.87,0
147,2,CNC Machine,Repair,Setup Time,2,0.83,1000
148,1,3D Printer,Operational,,0,0.65,0
149,2,Robotic Arm,Maintenance,Failures,7,0.63,3500
150,4,Packaging Machine,Operational,,0,0.69,0
151,5,Drilling Machine,Repair,Failures,5,0.71,2500
152,5,Packaging Machine,Operational,,0,0.77,0
153,4,CNC Machine,Operational,,0,0.89,0
154,2,Drilling Machine,Operational,,0,0.63,0
155,5,Packaging Machine,Operational,,0,0.93,0
156,2,CNC Machine,Operational,,0,0.81,0
157,5,Injection Molder,Operational,,0,0.86,0
158,4,Laser Cutter,Operational,,0,0.65,0
159,2,Drilling Machine,Maintenance,Failures,5,0.84,2500
160,1,Packaging Machine,Operational,,0,0.82,0
161,4,Robotic Arm,Operational,,0,0.87,0
162,5,Robotic Arm,Operational,,0,0.77,0
163,4,Injection Molder,Operational,,0,0.69,0
164,5,CNC Machine,Operational,,0,0.73,0
165,2,3D Printer,Operational,,0,0.79,0
166,2,Drilling Machine,Repair,Setup Time,3,0.72,1500
167,2,Robotic Arm,Operational,,0,0.62,0
168,5,CNC Machine,Maintenance,Setup Time,9,0.61,4500
169,5,3D Printer,Operational,,0,0.92,0
170,5,3D Printer,Repair,Failures,8,0.71,4000
171,1,Robotic Arm,Operational,,0,0.69,0
172,2,Drilling Machine,Operational,,0,0.7,0
173,3,Packaging Machine,Operational,,0,0.68,0
174,5,Packaging Machine,Maintenance,Maintenance,4,0.84,2000
175,1,Conveyor Belt,Operational,,0,0.77,0
176,2,Conveyor Belt,Operational,,0,0.91,0
177,1,Robotic Arm,Operational,,0,0.75,0
178,2,3D Printer,Operational,,0,0.66,0
179,1,Packaging Machine,Operational,,0,0.63,0
180,5,Laser Cutter,Operational,,0,0.84,0
181,5,Robotic Arm,Operational,,0,0.61,0
182,1,CNC Machine,Operational,,0,0.71,0
183,3,Conveyor Belt,Operational,,0,0.83,0
184,1,Injection Molder,Operational,,0,0.74,0
185,2,Packaging Machine,Operational,,0,0.9,0
186,3,3D Printer,Maintenance,Maintenance,6,0.82,3000
187,3,Packaging Machine,Operational,,0,0.63,0
188,2,Packaging Machine,Maintenance,Setup Time,4,0.75,2000
189,5,Robotic Arm,Maintenance,Setup Time,6,0.6,3000
190,4,CNC Machine,Operational,,0,0.73,0
191,5,Conveyor Belt,Maintenance,Failures,10,0.78,5000
192,3,Injection Molder,Operational,,0,0.88,0
193,1,Conveyor Belt,Idle,Setup Time,0,0.83,0
194,4,Robotic Arm,Operational,,0,0.68,0
195,2,Injection Molder,Operational,,0,0.88,0
196,3,Drilling Machine,Operational,,0,0.82,0
197,2,3D Printer,Maintenance,Setup Time,3,0.61,1500
198,1,CNC Machine,Repair,Setup Time,8,0.78,4000
199,2,Packaging Machine,Operational,,0,0.9,0
200,5,Robotic Arm,Operational,,0,0.89,0
201,2,Drilling Machine,Operational,,0,0.62,0
202,1,Packaging Machine,Operational,,0,0.76,0
203,5,Laser Cutter,Maintenance,Failures,2,0.83,1000
204,2,Drilling Machine,Operational,,0,0.64,0
205,3,Packaging Machine,Operational,,0,0.69,0
206,5,Laser Cutter,Operational,,0,0.79,0
207,4,Packaging Machine,Maintenance,Setup Time,9,0.87,4500
208,1,Laser Cutter,Operational,,0,0.68,0
209,2,3D Printer,Repair,Failures,8,0.95,4000
210,3,Packaging Machine,Operational,,0,0.86,0
211,1,3D Printer,Operational,,0,0.89,0
212,3,Packaging Machine,Maintenance,Failures,7,0.84,3500
213,3,Drilling Machine,Operational,,0,0.75,0
214,4,3D Printer,Repair,Setup Time,4,0.78,2000
215,1,CNC Machine,Operational,,0,0.75,0
216,3,CNC Machine,Maintenance,Failures,4,0.75,2000
217,5,3D Printer,Operational,,0,0.87,0
218,5,Laser Cutter,Operational,,0,0.72,0
219,2,Laser Cutter,Maintenance,Maintenance,6,0.91,3000
220,5,Robotic Arm,Maintenance,Setup Time,8,0.75,4000
221,1,Robotic Arm,Operational,,0,0.69,0
222,3,Robotic Arm,Operational,,0,0.77,0
223,1,Packaging Machine,Operational,,0,0.92,0
224,5,Conveyor Belt,Operational,,0,0.75,0
225,1,Drilling Machine,Operational,,0,0.67,0
226,3,Robotic Arm,Operational,,0,0.74,0
227,3,Conveyor Belt,Operational,,0,0.81,0
228,4,Conveyor Belt,Operational,,0,0.74,0
229,2,Laser Cutter,Operational,,0,0.91,0
230,4,Injection Molder,Operational,,0,0.93,0
231,3,3D Printer,Maintenance,Setup Time,2,0.94,1000
232,1,CNC Machine,Operational,,0,0.82,0
233,4,Injection Molder,Operational,,0,0.63,0
234,4,Packaging Machine,Operational,,0,0.89,0
235,4,Packaging Machine,Operational,,0,0.71,0
236,5,Robotic Arm,Maintenance,Setup Time,4,0.8,2000
237,2,Injection Molder,Operational,,0,0.73,0
238,4,Laser Cutter,Operational,,0,0.75,0
239,2,CNC Machine,Operational,,0,0.87,0
240,2,Drilling Machine,Operational,,0,0.92,0
241,4,Drilling Machine,Operational,,0,0.78,0
242,1,3D Printer,Operational,,0,0.73,0
243,1,Conveyor Belt,Maintenance,Setup Time,5,0.89,2500
244,2,Robotic Arm,Operational,,0,0.79,0
245,3,Packaging Machine,Operational,,0,0.82,0
246,5,Laser Cutter,Repair,Failures,8,0.69,4000
247,5,Robotic Arm,Maintenance,Failures,9,0.62,4500
248,4,Conveyor Belt,Operational,,0,0.85,0
249,5,Robotic Arm,Operational,,0,0.61,0
250,5,Injection Molder,Operational,,0,0.61,0
251,5,3D Printer,Operational,,0,0.88,0
252,5,Laser Cutter,Operational,,0,0.74,0
253,2,Robotic Arm,Operational,,0,0.78,0
254,5,CNC Machine,Operational,,0,0.85,0
255,4,Drilling Machine,Operational,,0,0.85,0
256,2,Conveyor Belt,Operational,,0,0.72,0
257,2,3D Printer,Operational,,0,0.7,0
258,1,3D Printer,Operational,,0,0.86,0
259,2,Drilling Machine,Operational,,0,0.93,0
260,3,Laser Cutter,Operational,,0,0.79,0
261,3,Drilling Machine,Repair,Setup Time,1,0.92,500
262,1,Drilling Machine,Operational,,0,0.94,0
263,3,Injection Molder,Operational,,0,0.74,0
264,4,Injection Molder,Maintenance,Setup Time,6,0.91,3000
265,3,Injection Molder,Operational,,0,0.82,0
266,3,Packaging Machine,Operational,,0,0.88,0
267,5,Conveyor Belt,Operational,,0,0.83,0
268,5,Drilling Machine,Maintenance,Maintenance,1,0.9,500
269,1,Robotic Arm,Operational,,0,0.71,0
270,2,Packaging Machine,Operational,,0,0.86,0
271,1,CNC Machine,Operational,,0,0.7,0
272,2,CNC Machine,Operational,,0,0.86,0
273,4,Robotic Arm,Maintenance,Maintenance,6,0.79,3000
274,2,Conveyor Belt,Operational,,0,0.83,0
275,1,3D Printer,Operational,,0,0.71,0
276,1,Robotic Arm,Operational,,0,0.66,0
277,1,Conveyor Belt,Operational,,0,0.78,0
278,3,Laser Cutter,Operational,,0,0.65,0
279,2,Drilling Machine,Maintenance,Setup Time,10,0.68,5000
280,3,Laser Cutter,Operational,,0,0.61,0
281,5,Robotic Arm,Operational,,0,0.92,0
282,1,3D Printer,Repair,Failures,10,0.77,5000
283,3,Injection Molder,Maintenance,Failures,6,0.69,3000
284,3,Injection Molder,Maintenance,Setup Time,4,0.92,2000
285,4,Drilling Machine,Operational,,0,0.9,0
286,5,Packaging Machine,Operational,,0,0.84,0
287,1,Drilling Machine,Operational,,0,0.92,0
288,3,Robotic Arm,Operational,,0,0.78,0
289,3,Packaging Machine,Maintenance,Setup Time,6,0.6,3000
290,3,Packaging Machine,Operational,,0,0.88,0
291,5,Robotic Arm,Operational,,0,0.75,0
292,5,Laser Cutter,Operational,,0,0.64,0
293,3,Robotic Arm,Operational,,0,0.92,0
294,2,CNC Machine,Repair,Setup Time,6,0.81,3000
295,5,Drilling Machine,Maintenance,Setup Time,9,0.77,4500
296,3,Injection Molder,Operational,,0,0.88,0
297,5,Drilling Machine,Operational,,0,0.87,0
298,4,Injection Molder,Operational,,0,0.7,0
299,2,Packaging Machine,Operational,,0,0.71,0
300,4,CNC Machine,Operational,,0,0.7,0
301,1,3D Printer,Operational,,0,0.71,0
302,1,Conveyor Belt,Repair,Failures,9,0.64,4500
303,3,Robotic Arm,Operational,,0,0.71,0
304,3,CNC Machine,Maintenance,Failures,3,0.75,1500
305,5,Injection Molder,Operational,,0,0.61,0
306,4,Robotic Arm,Operational,,0,0.92,0
307,3,Robotic Arm,Operational,,0,0.93,0
308,1,Laser Cutter,Operational,,0,0.89,0
309,1,3D Printer,Operational,,0,0.91,0
310,5,Packaging Machine,Operational,,0,0.8,0
311,1,Packaging Machine,Operational,,0,0.77,0
312,4,Conveyor Belt,Maintenance,Setup Time,6,0.89,3000
313,3,Drilling Machine,Operational,,0,0.77,0
314,2,Packaging Machine,Operational,,0,0.94,0
315,3,CNC Machine,Operational,,0,0.63,0
316,1,CNC Machine,Operational,,0,0.7,0
317,3,Robotic Arm,Repair,Setup Time,4,0.76,2000
318,4,Laser Cutter,Operational,,0,0.93,0
319,1,Drilling Machine,Operational,,0,0.75,0
320,5,Injection Molder,Operational,,0,0.83,0
321,2,Robotic Arm,Operational,,0,0.62,0
322,5,CNC Machine,Idle,Setup Time,0,0.74,0
323,5,CNC Machine,Operational,,0,0.84,0
324,3,Packaging Machine,Operational,,0,0.61,0
325,2,CNC Machine,Operational,,0,0.92,0
326,1,Packaging Machine,Operational,,0,0.93,0
327,1,Packaging Machine,Maintenance,Failures,9,0.67,4500
328,2,Drilling Machine,Maintenance,Setup Time,3,0.85,1500
329,1,CNC Machine,Repair,Setup Time,9,0.79,4500
330,5,3D Printer,Operational,,0,0.64,0
331,1,Conveyor Belt,Operational,,0,0.89,0
332,4,Injection Molder,Operational,,0,0.8,0
333,4,Injection Molder,Maintenance,Failures,10,0.76,5000
334,4,CNC Machine,Operational,,0,0.88,0
335,3,Robotic Arm,Repair,Failures,3,0.64,1500
336,5,Robotic Arm,Operational,,0,0.94,0
337,2,Laser Cutter,Operational,,0,0.69,0
338,4,Laser Cutter,Maintenance,Setup Time,6,0.79,3000
339,4,Packaging Machine,Operational,,0,0.79,0
340,2,Injection Molder,Operational,,0,0.86,0
341,5,CNC Machine,Operational,,0,0.62,0
342,3,Injection Molder,Operational,,0,0.8,0
343,1,Conveyor Belt,Operational,,0,0.93,0
344,3,CNC Machine,Operational,,0,0.79,0
345,3,Robotic Arm,Operational,,0,0.66,0
346,2,Conveyor Belt,Operational,,0,0.66,0
347,1,Drilling Machine,Operational,,0,0.76,0
348,5,CNC Machine,Operational,,0,0.8,0
349,5,Injection Molder,Operational,,0,0.73,0
350,1,Robotic Arm,Operational,,0,0.61,0
351,4,Packaging Machine,Operational,,0,0.81,0
352,5,CNC Machine,Operational,,0,0.93,0
353,4,CNC Machine,Repair,Setup Time,7,0.78,3500
354,5,Packaging Machine,Maintenance,Maintenance,4,0.77,2000
355,2,Drilling Machine,Operational,,0,0.81,0
356,5,Conveyor Belt,Operational,,0,0.77,0
357,1,Robotic Arm,Operational,,0,0.88,0
358,4,3D Printer,Operational,,0,0.89,0
359,5,Injection Molder,Operational,,0,0.79,0
360,2,Laser Cutter,Repair,Maintenance,3,0.71,1500
361,3,3D Printer,Operational,,0,0.92,0
362,4,Laser Cutter,Operational,,0,0.83,0
363,3,Injection Molder,Operational,,0,0.65,0
364,5,Laser Cutter,Maintenance,Failures,7,0.62,3500
365,1,Drilling Machine,Operational,,0,0.83,0
366,5,Robotic Arm,Operational,,0,0.87,0
367,4,Packaging Machine,Operational,,0,0.85,0
368,4,Injection Molder,Operational,,0,0.64,0
369,2,3D Printer,Operational,,0,0.9,0
370,1,Drilling Machine,Maintenance,Setup Time,1,0.79,500
371,3,Conveyor Belt,Operational,,0,0.66,0
372,5,Packaging Machine,Operational,,0,0.73,0
373,3,Drilling Machine,Maintenance,Maintenance,4,0.92,2000
374,2,3D Printer,Operational,,0,0.84,0
375,1,Drilling Machine,Operational,,0,0.64,0
376,2,Robotic Arm,Operational,,0,0.62,0
377,5,CNC Machine,Operational,,0,0.76,0
378,2,CNC Machine,Idle,Setup Time,0,0.71,0
379,3,Laser Cutter,Operational,,0,0.94,0
380,3,Packaging Machine,Operational,,0,0.85,0
381,2,Laser Cutter,Operational,,0,0.82,0
382,2,Conveyor Belt,Operational,,0,0.93,0
383,2,Conveyor Belt,Repair,Maintenance,2,0.81,1000
384,3,Drilling Machine,Operational,,0,0.87,0
385,5,Conveyor Belt,Operational,,0,0.86,0
386,2,Robotic Arm,Repair,Maintenance,2,0.67,1000
387,1,Robotic Arm,Maintenance,Failures,1,0.78,500
388,5,Robotic Arm,Operational,,0,0.92,0
389,5,Conveyor Belt,Repair,Maintenance,1,0.73,500
390,3,Packaging Machine,Operational,,0,0.75,0
391,2,Injection Molder,Maintenance,Setup Time,7,0.9,3500
392,1,Packaging Machine,Maintenance,Setup Time,3,0.87,1500
393,2,3D Printer,Repair,Failures,4,0.75,2000
394,3,Injection Molder,Operational,,0,0.91,0
395,5,Laser Cutter,Maintenance,Failures,9,0.71,4500
396,3,Packaging Machine,Operational,,0,0.62,0
397,1,Packaging Machine,Operational,,0,0.67,0
398,2,3D Printer,Operational,,0,0.87,0
399,5,Packaging Machine,Operational,,0,0.73,0
400,1,Robotic Arm,Operational,,0,0.66,0
401,4,Packaging Machine,Operational,,0,0.87,0
402,2,Robotic Arm,Operational,,0,0.74,0
403,1,Injection Molder,Maintenance,Failures,3,0.89,1500
404,4,Injection Molder,Operational,,0,0.89,0
405,2,Drilling Machine,Operational,,0,0.73,0
406,2,CNC Machine,Operational,,0,0.79,0
407,5,Injection Molder,Maintenance,Setup Time,7,0.6,3500
408,3,3D Printer,Operational,,0,0.78,0
409,2,Packaging Machine,Operational,,0,0.61,0
410,5,Packaging Machine,Operational,,0,0.63,0
411,4,Laser Cutter,Operational,,0,0.73,0
412,2,Laser Cutter,Maintenance,Setup Time,8,0.92,4000
413,4,3D Printer,Operational,,0,0.87,0
414,2,Drilling Machine,Repair,Failures,2,0.8,1000
415,1,Drilling Machine,Operational,,0,0.8,0
416,4,Robotic Arm,Maintenance,Failures,4,0.64,2000
417,4,CNC Machine,Operational,,0,0.67,0
418,5,Conveyor Belt,Operational,,0,0.7,0
419,4,3D Printer,Repair,Maintenance,10,0.91,5000
420,5,Laser Cutter,Maintenance,Setup Time,6,0.8,3000
421,3,Drilling Machine,Maintenance,Setup Time,4,0.88,2000
422,4,Packaging Machine,Maintenance,Maintenance,5,0.92,2500
423,5,Robotic Arm,Operational,,0,0.63,0
424,2,Injection Molder,Maintenance,Setup Time,7,0.75,3500
425,2,Drilling Machine,Operational,,0,0.76,0
426,4,Robotic Arm,Operational,,0,0.72,0
427,5,3D Printer,Operational,,0,0.64,0
428,1,Laser Cutter,Operational,,0,0.62,0
429,4,Injection Molder,Operational,,0,0.72,0
430,3,Injection Molder,Operational,,0,0.87,0
431,5,Robotic Arm,Operational,,0,0.92,0
432,1,Drilling Machine,Operational,,0,0.9,0
433,5,Conveyor Belt,Operational,,0,0.85,0
434,1,Packaging Machine,Operational,,0,0.61,0
435,3,Injection Molder,Maintenance,Setup Time,2,0.67,1000
436,4,Laser Cutter,Operational,,0,0.64,0
437,4,3D Printer,Operational,,0,0.95,0
438,5,Robotic Arm,Operational,,0,0.77,0
439,5,3D Printer,Operational,,0,0.68,0
440,2,3D Printer,Operational,,0,0.83,0
441,5,3D Printer,Operational,,0,0.78,0
442,5,Packaging Machine,Operational,,0,0.89,0
443,1,CNC Machine,Operational,,0,0.71,0
444,1,Packaging Machine,Operational,,0,0.83,0
445,5,Laser Cutter,Maintenance,Setup Time,8,0.68,4000
446,3,Injection Molder,Operational,,0,0.88,0
447,1,Robotic Arm,Operational,,0,0.86,0
448,1,Robotic Arm,Operational,,0,0.73,0
449,5,Robotic Arm,Operational,,0,0.86,0
450,4,Conveyor Belt,Repair,Setup Time,2,0.85,1000
451,4,3D Printer,Idle,Setup Time,0,0.83,0
452,1,Robotic Arm,Maintenance,Failures,4,0.64,2000
453,4,Drilling Machine,Maintenance,Failures,10,0.62,5000
454,4,Drilling Machine,Operational,,0,0.91,0
455,4,Packaging Machine,Maintenance,Setup Time,1,0.91,500
456,2,Laser Cutter,Maintenance,Maintenance,9,0.94,4500
457,4,Packaging Machine,Repair,Maintenance,5,0.89,2500
458,3,Robotic Arm,Operational,,0,0.67,0
459,4,CNC Machine,Operational,,0,0.67,0
460,3,Packaging Machine,Maintenance,Setup Time,4,0.64,2000
461,5,Packaging Machine,Operational,,0,0.81,0
462,5,Robotic Arm,Operational,,0,0.67,0
463,4,Injection Molder,Operational,,0,0.84,0
464,5,Laser Cutter,Operational,,0,0.62,0
465,3,Laser Cutter,Operational,,0,0.87,0
466,4,Robotic Arm,Operational,,0,0.92,0
467,5,Packaging Machine,Operational,,0,0.62,0
468,3,Drilling Machine,Operational,,0,0.74,0
469,2,Laser Cutter,Maintenance,Failures,8,0.86,4000
470,5,Robotic Arm,Operational,,0,0.91,0
471,3,Robotic Arm,Operational,,0,0.61,0
472,1,CNC Machine,Operational,,0,0.94,0
473,2,3D Printer,Operational,,0,0.79,0
474,3,Drilling Machine,Operational,,0,0.8,0
475,4,Robotic Arm,Repair,Setup Time,8,0.8,4000
476,4,Drilling Machine,Operational,,0,0.91,0
477,2,Drilling Machine,Operational,,0,0.92,0
478,1,Robotic Arm,Operational,,0,0.83,0
479,4,Robotic Arm,Operational,,0,0.7,0
480,3,Packaging Machine,Operational,,0,0.66,0
481,4,3D Printer,Operational,,0,0.6,0
482,4,Laser Cutter,Operational,,0,0.92,0
483,3,Drilling Machine,Operational,,0,0.8,0
484,3,Drilling Machine,Maintenance,Setup Time,6,0.88,3000
485,2,3D Printer,Idle,Setup Time,0,0.89,0
486,5,Laser Cutter,Repair,Setup Time,5,0.66,2500
487,3,Injection Molder,Operational,,0,0.87,0
488,4,Conveyor Belt,Operational,,0,0.68,0
489,4,Injection Molder,Operational,,0,0.84,0
490,2,Drilling Machine,Operational,,0,0.76,0
491,3,Packaging Machine,Operational,,0,0.62,0
492,5,Robotic Arm,Maintenance,Maintenance,10,0.92,5000
493,5,Injection Molder,Maintenance,Setup Time,5,0.74,2500
494,3,Laser Cutter,Repair,Setup Time,10,0.66,5000
495,3,CNC Machine,Operational,,0,0.71,0
496,2,Packaging Machine,Operational,,0,0.71,0
497,4,Injection Molder,Operational,,0,0.6,0
498,2,Conveyor Belt,Operational,,0,0.6,0
499,5,Injection Molder,Maintenance,Failures,3,0.81,1500
500,2,Packaging Machine,Idle,Setup Time,0,0.79,0
501,1,Injection Molder,Operational,,0,0.79,0
502,5,3D Printer,Maintenance,Maintenance,6,0.71,3000
503,4,Drilling Machine,Operational,,0,0.8,0
504,2,Packaging Machine,Operational,,0,0.63,0
505,4,3D Printer,Repair,Setup Time,2,0.63,1000
506,2,Packaging Machine,Operational,,0,0.76,0
507,2,Conveyor Belt,Operational,,0,0.72,0
508,1,Laser Cutter,Operational,,0,0.63,0
509,5,Packaging Machine,Repair,Maintenance,7,0.79,3500
510,3,Packaging Machine,Operational,,0,0.66,0
511,4,CNC Machine,Operational,,0,0.76,0
512,2,3D Printer,Maintenance,Failures,9,0.94,4500
513,1,Drilling Machine,Operational,,0,0.87,0
514,2,Drilling Machine,Maintenance,Setup Time,9,0.85,4500
515,2,Conveyor Belt,Operational,,0,0.86,0
516,3,3D Printer,Maintenance,Setup Time,5,0.86,2500
517,2,Robotic Arm,Operational,,0,0.62,0
518,5,CNC Machine,Operational,,0,0.72,0
519,5,Robotic Arm,Operational,,0,0.63,0
520,1,Robotic Arm,Maintenance,Setup Time,9,0.85,4500
521,5,CNC Machine,Operational,,0,0.75,0
522,2,Laser Cutter,Operational,,0,0.69,0
523,3,Drilling Machine,Operational,,0,0.86,0
524,4,3D Printer,Operational,,0,0.64,0
525,4,Conveyor Belt,Operational,,0,0.63,0
526,2,Injection Molder,Operational,,0,0.61,0
527,1,CNC Machine,Maintenance,Setup Time,9,0.85,4500
528,4,Robotic Arm,Operational,,0,0.74,0
529,4,Laser Cutter,Idle,Failures,0,0.91,0
530,1,Packaging Machine,Operational,,0,0.72,0
531,4,Robotic Arm,Operational,,0,0.62,0
532,4,CNC Machine,Maintenance,Failures,8,0.94,4000
533,4,Drilling Machine,Operational,,0,0.86,0
534,2,CNC Machine,Operational,,0,0.9,0
535,4,Laser Cutter,Maintenance,Failures,1,0.88,500
536,2,Drilling Machine,Operational,,0,0.68,0
537,2,Drilling Machine,Operational,,0,0.86,0
538,4,Robotic Arm,Operational,,0,0.86,0
539,2,Conveyor Belt,Operational,,0,0.69,0
540,1,Drilling Machine,Operational,,0,0.93,0
541,5,Injection Molder,Operational,,0,0.87,0
542,1,Injection Molder,Operational,,0,0.81,0
543,4,Packaging Machine,Operational,,0,0.68,0
544,3,Conveyor Belt,Operational,,0,0.94,0
545,5,Drilling Machine,Repair,Setup Time,1,0.68,500
546,3,Packaging Machine,Operational,,0,0.82,0
547,1,Robotic Arm,Maintenance,Maintenance,4,0.7,2000
548,5,3D Printer,Operational,,0,0.78,0
549,4,Packaging Machine,Operational,,0,0.84,0
550,2,Injection Molder,Operational,,0,0.81,0
551,3,Drilling Machine,Operational,,0,0.64,0
552,5,Robotic Arm,Operational,,0,0.92,0
553,1,Drilling Machine,Operational,,0,0.74,0
554,5,Robotic Arm,Operational,,0,0.77,0
555,3,Laser Cutter,Operational,,0,0.94,0
556,2,Laser Cutter,Maintenance,Setup Time,4,0.94,2000
557,4,Drilling Machine,Operational,,0,0.86,0
558,5,CNC Machine,Operational,,0,0.89,0
559,4,Injection Molder,Maintenance,Setup Time,4,0.77,2000
560,3,Drilling Machine,Operational,,0,0.92,0
561,2,Conveyor Belt,Maintenance,Setup Time,3,0.92,1500
562,4,Laser Cutter,Operational,,0,0.82,0
563,2,Robotic Arm,Operational,,0,0.76,0
564,5,Injection Molder,Operational,,0,0.76,0
565,3,Injection Molder,Operational,,0,0.95,0
566,1,Laser Cutter,Operational,,0,0.85,0
567,4,Drilling Machine,Operational,,0,0.78,0
568,4,CNC Machine,Repair,Failures,10,0.62,5000
569,1,Drilling Machine,Operational,,0,0.95,0
570,5,Packaging Machine,Operational,,0,0.93,0
571,4,CNC Machine,Operational,,0,0.84,0
572,5,Laser Cutter,Maintenance,Maintenance,9,0.6,4500
573,2,Laser Cutter,Operational,,0,0.9,0
574,3,Conveyor Belt,Maintenance,Setup Time,3,0.88,1500
575,1,Laser Cutter,Maintenance,Maintenance,7,0.62,3500
576,5,Robotic Arm,Operational,,0,0.75,0
577,5,Laser Cutter,Operational,,0,0.7,0
578,4,Injection Molder,Operational,,0,0.78,0
579,2,CNC Machine,Maintenance,Setup Time,4,0.64,2000
580,2,Packaging Machine,Operational,,0,0.79,0
581,3,Drilling Machine,Operational,,0,0.85,0
582,1,CNC Machine,Operational,,0,0.67,0
583,1,Laser Cutter,Maintenance,Setup Time,3,0.62,1500
584,5,Robotic Arm,Operational,,0,0.92,0
585,4,Packaging Machine,Operational,,0,0.64,0
586,4,Packaging Machine,Operational,,0,0.69,0
587,1,Robotic Arm,Operational,,0,0.65,0
588,1,Conveyor Belt,Maintenance,Setup Time,7,0.75,3500
589,2,Robotic Arm,Operational,,0,0.68,0
590,5,Drilling Machine,Repair,Failures,7,0.94,3500
591,3,CNC Machine,Operational,,0,0.65,0
592,4,Packaging Machine,Operational,,0,0.63,0
593,1,Conveyor Belt,Operational,,0,0.88,0
594,3,Robotic Arm,Maintenance,Failures,4,0.76,2000
595,3,Drilling Machine,Operational,,0,0.64,0
596,2,Packaging Machine,Operational,,0,0.61,0
597,2,CNC Machine,Operational,,0,0.89,0
598,5,3D Printer,Operational,,0,0.75,0
599,1,Conveyor Belt,Maintenance,Setup Time,9,0.86,4500
600,4,3D Printer,Maintenance,Setup Time,1,0.77,500
601,3,CNC Machine,Operational,,0,0.94,0
602,5,3D Printer,Operational,,0,0.93,0
603,2,Packaging Machine,Operational,,0,0.82,0
604,1,Robotic Arm,Operational,,0,0.76,0
605,1,Drilling Machine,Operational,,0,0.8,0
606,5,Packaging Machine,Operational,,0,0.63,0
607,5,CNC Machine,Operational,,0,0.79,0
608,3,3D Printer,Operational,,0,0.92,0
609,3,Laser Cutter,Operational,,0,0.92,0
610,4,CNC Machine,Operational,,0,0.82,0
611,3,Injection Molder,Idle,Failures,0,0.94,0
612,1,Packaging Machine,Operational,,0,0.92,0
613,1,Packaging Machine,Operational,,0,0.71,0
614,4,Drilling Machine,Operational,,0,0.73,0
615,4,Laser Cutter,Operational,,0,0.86,0
616,5,Packaging Machine,Operational,,0,0.86,0
617,4,Drilling Machine,Operational,,0,0.88,0
618,5,Packaging Machine,Operational,,0,0.64,0
619,4,Robotic Arm,Repair,Setup Time,5,0.85,2500
620,3,Injection Molder,Operational,,0,0.62,0
621,5,CNC Machine,Operational,,0,0.86,0
622,5,Laser Cutter,Operational,,0,0.76,0
623,3,Injection Molder,Operational,,0,0.68,0
624,2,3D Printer,Operational,,0,0.9,0
625,4,Robotic Arm,Maintenance,Setup Time,7,0.9,3500
626,1,Conveyor Belt,Operational,,0,0.78,0
627,5,Laser Cutter,Operational,,0,0.75,0
628,1,CNC Machine,Operational,,0,0.89,0
629,3,Laser Cutter,Operational,,0,0.95,0
630,5,Conveyor Belt,Maintenance,Maintenance,9,0.94,4500
631,4,Laser Cutter,Operational,,0,0.88,0
632,2,Conveyor Belt,Operational,,0,0.76,0
633,5,Drilling Machine,Operational,,0,0.69,0
634,4,Robotic Arm,Repair,Setup Time,7,0.78,3500
635,4,Packaging Machine,Operational,,0,0.71,0
636,5,Robotic Arm,Repair,Failures,1,0.87,500
637,5,Packaging Machine,Repair,Setup Time,2,0.79,1000
638,4,CNC Machine,Maintenance,Setup Time,3,0.81,1500
639,4,Robotic Arm,Operational,,0,0.69,0
640,4,Conveyor Belt,Operational,,0,0.86,0
641,2,Conveyor Belt,Operational,,0,0.89,0
642,3,Drilling Machine,Maintenance,Setup Time,5,0.92,2500
643,2,Injection Molder,Operational,,0,0.75,0
644,3,Conveyor Belt,Maintenance,Setup Time,7,0.65,3500
645,1,Robotic Arm,Maintenance,Setup Time,3,0.91,1500
646,3,Drilling Machine,Maintenance,Maintenance,3,0.85,1500
647,3,Laser Cutter,Maintenance,Setup Time,2,0.67,1000
648,5,Packaging Machine,Operational,,0,0.65,0
649,1,Drilling Machine,Operational,,0,0.95,0
650,1,Injection Molder,Maintenance,Failures,3,0.88,1500
651,2,Conveyor Belt,Operational,,0,0.63,0
652,2,Injection Molder,Operational,,0,0.66,0
653,2,Robotic Arm,Operational,,0,0.9,0
654,4,Laser Cutter,Operational,,0,0.72,0
655,5,Robotic Arm,Operational,,0,0.74,0
656,4,Injection Molder,Operational,,0,0.88,0
657,1,CNC Machine,Operational,,0,0.6,0
658,1,3D Printer,Repair,Failures,9,0.93,4500
659,4,Drilling Machine,Operational,,0,0.68,0
660,2,Injection Molder,Operational,,0,0.88,0
661,2,CNC Machine,Operational,,0,0.95,0
662,1,Injection Molder,Operational,,0,0.87,0
663,2,3D Printer,Operational,,0,0.76,0
664,4,CNC Machine,Operational,,0,0.75,0
665,2,CNC Machine,Maintenance,Maintenance,2,0.94,1000
666,4,Injection Molder,Repair,Setup Time,10,0.62,5000
667,2,Laser Cutter,Operational,,0,0.74,0
668,1,Robotic Arm,Operational,,0,0.94,0
669,2,3D Printer,Operational,,0,0.84,0
670,3,Drilling Machine,Operational,,0,0.76,0
671,1,CNC Machine,Operational,,0,0.63,0
672,3,Packaging Machine,Maintenance,Failures,10,0.84,5000
673,4,Drilling Machine,Operational,,0,0.72,0
674,3,Conveyor Belt,Operational,,0,0.8,0
675,4,Packaging Machine,Operational,,0,0.78,0
676,3,3D Printer,Idle,Setup Time,0,0.89,0
677,4,Packaging Machine,Operational,,0,0.86,0
678,4,3D Printer,Operational,,0,0.77,0
679,1,Drilling Machine,Operational,,0,0.65,0
680,1,Injection Molder,Operational,,0,0.69,0
681,1,Drilling Machine,Operational,,0,0.95,0
682,1,Drilling Machine,Operational,,0,0.81,0
683,2,Conveyor Belt,Maintenance,Setup Time,7,0.92,3500
684,4,Packaging Machine,Operational,,0,0.69,0
685,4,CNC Machine,Maintenance,Failures,10,0.73,5000
686,3,Packaging Machine,Operational,,0,0.65,0
687,3,CNC Machine,Repair,Setup Time,9,0.91,4500
688,3,Robotic Arm,Operational,,0,0.72,0
689,4,3D Printer,Maintenance,Setup Time,7,0.7,3500
690,5,Conveyor Belt,Operational,,0,0.93,0
691,3,CNC Machine,Maintenance,Failures,3,0.87,1500
692,1,Robotic Arm,Operational,,0,0.71,0
693,1,Conveyor Belt,Operational,,0,0.88,0
694,2,Conveyor Belt,Operational,,0,0.62,0
695,4,Conveyor Belt,Maintenance,Maintenance,5,0.9,2500
696,4,CNC Machine,Operational,,0,0.78,0
697,5,3D Printer,Operational,,0,0.85,0
698,4,Injection Molder,Operational,,0,0.84,0
699,2,Injection Molder,Operational,,0,0.74,0
700,5,3D Printer,Operational,,0,0.74,0
701,3,3D Printer,Operational,,0,0.82,0
702,1,Injection Molder,Maintenance,Setup Time,5,0.92,2500
703,2,Drilling Machine,Operational,,0,0.65,0
704,1,Conveyor Belt,Maintenance,Failures,3,0.81,1500
705,3,CNC Machine,Maintenance,Setup Time,1,0.81,500
706,2,CNC Machine,Maintenance,Maintenance,9,0.7,4500
707,2,Drilling Machine,Operational,,0,0.74,0
708,2,Robotic Arm,Operational,,0,0.9,0
709,4,Laser Cutter,Operational,,0,0.86,0
710,3,Laser Cutter,Operational,,0,0.66,0
711,3,Drilling Machine,Operational,,0,0.79,0
712,3,CNC Machine,Idle,Setup Time,0,0.67,0
713,4,3D Printer,Operational,,0,0.77,0
714,4,Injection Molder,Repair,Setup Time,2,0.65,1000
715,3,3D Printer,Idle,Setup Time,0,0.72,0
716,4,3D Printer,Operational,,0,0.9,0
717,1,Laser Cutter,Operational,,0,0.82,0
718,1,Laser Cutter,Operational,,0,0.84,0
719,1,Robotic Arm,Operational,,0,0.65,0
720,2,CNC Machine,Repair,Setup Time,1,0.72,500
721,3,Drilling Machine,Maintenance,Failures,10,0.83,5000
722,5,Packaging Machine,Operational,,0,0.74,0
723,2,Laser Cutter,Operational,,0,0.73,0
724,5,Laser Cutter,Maintenance,Failures,1,0.68,500
725,3,Injection Molder,Maintenance,Maintenance,6,0.9,3000
726,1,CNC Machine,Operational,,0,0.6,0
727,2,Packaging Machine,Operational,,0,0.79,0
728,1,Robotic Arm,Operational,,0,0.71,0
729,1,Drilling Machine,Operational,,0,0.78,0
730,4,Laser Cutter,Operational,,0,0.82,0
731,1,Robotic Arm,Operational,,0,0.76,0
732,1,Packaging Machine,Operational,,0,0.73,0
733,3,Robotic Arm,Operational,,0,0.92,0
734,1,Drilling Machine,Repair,Failures,7,0.75,3500
735,4,Injection Molder,Maintenance,Failures,10,0.87,5000
736,1,Packaging Machine,Operational,,0,0.69,0
737,5,Conveyor Belt,Repair,Setup Time,10,0.85,5000
738,4,Injection Molder,Operational,,0,0.61,0
739,4,Drilling Machine,Maintenance,Failures,8,0.86,4000
740,3,Injection Molder,Operational,,0,0.95,0
741,5,Injection Molder,Idle,Failures,0,0.8,0
742,3,Drilling Machine,Operational,,0,0.61,0
743,1,Injection Molder,Operational,,0,0.88,0
744,1,Drilling Machine,Repair,Failures,1,0.77,500
745,3,3D Printer,Idle,Failures,0,0.66,0
746,2,Drilling Machine,Operational,,0,0.66,0
747,3,Injection Molder,Operational,,0,0.63,0
748,2,CNC Machine,Maintenance,Failures,7,0.74,3500
749,3,Injection Molder,Maintenance,Failures,9,0.77,4500
750,3,Robotic Arm,Operational,,0,0.89,0
751,5,Packaging Machine,Maintenance,Failures,4,0.73,2000
752,2,Injection Molder,Operational,,0,0.81,0
753,2,Robotic Arm,Operational,,0,0.68,0
754,1,3D Printer,Operational,,0,0.67,0
755,4,Robotic Arm,Operational,,0,0.66,0
756,2,Robotic Arm,Operational,,0,0.66,0
757,4,Drilling Machine,Operational,,0,0.92,0
758,1,Conveyor Belt,Operational,,0,0.61,0
759,4,3D Printer,Maintenance,Setup Time,1,0.62,500
760,5,Laser Cutter,Operational,,0,0.8,0
761,5,Drilling Machine,Operational,,0,0.66,0
762,3,CNC Machine,Operational,,0,0.67,0
763,4,Packaging Machine,Operational,,0,0.64,0
764,5,Drilling Machine,Operational,,0,0.78,0
765,2,3D Printer,Operational,,0,0.77,0
766,3,CNC Machine,Operational,,0,0.79,0
767,4,CNC Machine,Operational,,0,0.94,0
768,5,Robotic Arm,Operational,,0,0.91,0
769,1,Drilling Machine,Operational,,0,0.7,0
770,2,3D Printer,Operational,,0,0.74,0
771,5,Laser Cutter,Operational,,0,0.76,0
772,3,Conveyor Belt,Operational,,0,0.64,0
773,3,Injection Molder,Operational,,0,0.76,0
774,3,Drilling Machine,Operational,,0,0.62,0
775,4,Injection Molder,Maintenance,Setup Time,1,0.68,500
776,4,CNC Machine,Operational,,0,0.8,0
777,5,Drilling Machine,Operational,,0,0.87,0
778,4,CNC Machine,Maintenance,Failures,2,0.75,1000
779,3,Packaging Machine,Operational,,0,0.73,0
780,5,Injection Molder,Operational,,0,0.62,0
781,1,3D Printer,Operational,,0,0.61,0
782,1,Robotic Arm,Operational,,0,0.88,0
783,5,3D Printer,Operational,,0,0.83,0
784,4,Injection Molder,Operational,,0,0.87,0
785,3,Injection Molder,Operational,,0,0.64,0
786,4,Packaging Machine,Operational,,0,0.87,0
787,1,Conveyor Belt,Maintenance,Setup Time,1,0.67,500
788,1,Laser Cutter,Operational,,0,0.72,0
789,2,3D Printer,Operational,,0,0.64,0
790,2,Laser Cutter,Operational,,0,0.66,0
791,1,Laser Cutter,Operational,,0,0.89,0
792,1,Packaging Machine,Operational,,0,0.78,0
793,3,Laser Cutter,Operational,,0,0.72,0
794,1,Packaging Machine,Operational,,0,0.74,0
795,2,Packaging Machine,Operational,,0,0.62,0
796,3,Laser Cutter,Maintenance,Failures,10,0.69,5000
797,2,Conveyor Belt,Operational,,0,0.72,0
798,4,Packaging Machine,Operational,,0,0.67,0
799,4,Robotic Arm,Operational,,0,0.94,0
800,1,Injection Molder,Operational,,0,0.79,0
801,5,Conveyor Belt,Maintenance,Setup Time,6,0.79,3000
802,5,Packaging Machine,Maintenance,Failures,8,0.79,4000
803,4,Conveyor Belt,Maintenance,Setup Time,3,0.93,1500
804,5,Packaging Machine,Operational,,0,0.85,0
805,3,Packaging Machine,Operational,,0,0.74,0
806,2,Conveyor Belt,Maintenance,Failures,9,0.84,4500
807,3,3D Printer,Maintenance,Failures,1,0.71,500
808,3,CNC Machine,Operational,,0,0.62,0
809,1,Conveyor Belt,Operational,,0,0.66,0
810,5,Drilling Machine,Idle,Setup Time,0,0.86,0
811,1,3D Printer,Operational,,0,0.64,0
812,5,Robotic Arm,Maintenance,Setup Time,6,0.95,3000
813,2,CNC Machine,Operational,,0,0.74,0
814,3,Packaging Machine,Operational,,0,0.84,0
815,1,Drilling Machine,Idle,Setup Time,0,0.79,0
816,4,Injection Molder,Operational,,0,0.67,0
817,5,CNC Machine,Operational,,0,0.85,0
818,2,Conveyor Belt,Operational,,0,0.69,0
819,1,Laser Cutter,Repair,Maintenance,8,0.75,4000
820,2,Conveyor Belt,Operational,,0,0.85,0
821,2,CNC Machine,Operational,,0,0.67,0
822,3,Conveyor Belt,Operational,,0,0.75,0
823,3,Packaging Machine,Operational,,0,0.72,0
824,2,Packaging Machine,Maintenance,Failures,2,0.67,1000
825,3,Drilling Machine,Operational,,0,0.89,0
826,1,Robotic Arm,Operational,,0,0.89,0
827,3,Drilling Machine,Operational,,0,0.71,0
828,1,Injection Molder,Operational,,0,0.75,0
829,2,3D Printer,Operational,,0,0.79,0
830,3,Injection Molder,Operational,,0,0.92,0
831,4,CNC Machine,Operational,,0,0.86,0
832,5,3D Printer,Operational,,0,0.91,0
833,3,Conveyor Belt,Operational,,0,0.64,0
834,4,CNC Machine,Operational,,0,0.67,0
835,1,3D Printer,Operational,,0,0.94,0
836,3,Laser Cutter,Repair,Failures,2,0.79,1000
837,2,Robotic Arm,Operational,,0,0.61,0
838,2,Packaging Machine,Operational,,0,0.69,0
839,3,3D Printer,Operational,,0,0.65,0
840,3,CNC Machine,Maintenance,Setup Time,2,0.76,1000
841,1,Drilling Machine,Maintenance,Failures,5,0.87,2500
842,2,Drilling Machine,Maintenance,Setup Time,3,0.62,1500
843,1,Laser Cutter,Operational,,0,0.89,0
844,3,Conveyor Belt,Operational,,0,0.81,0
845,1,3D Printer,Maintenance,Setup Time,3,0.77,1500
846,5,Packaging Machine,Operational,,0,0.74,0
847,5,Injection Molder,Operational,,0,0.81,0
848,2,CNC Machine,Operational,,0,0.63,0
849,5,3D Printer,Repair,Failures,9,0.76,4500
850,3,Conveyor Belt,Operational,,0,0.69,0
851,5,Laser Cutter,Operational,,0,0.9,0
852,3,3D Printer,Operational,,0,0.7,0
853,4,Laser Cutter,Operational,,0,0.87,0
854,1,Drilling Machine,Operational,,0,0.79,0
855,1,Packaging Machine,Operational,,0,0.68,0
856,1,Laser Cutter,Operational,,0,0.76,0
857,4,Laser Cutter,Operational,,0,0.93,0
858,3,Robotic Arm,Operational,,0,0.8,0
859,5,3D Printer,Operational,,0,0.87,0
860,2,Conveyor Belt,Operational,,0,0.72,0
861,1,Robotic Arm,Operational,,0,0.8,0
862,5,Robotic Arm,Repair,Maintenance,10,0.9,5000
863,5,Robotic Arm,Maintenance,Setup Time,4,0.79,2000
864,1,Packaging Machine,Operational,,0,0.83,0
865,1,CNC Machine,Operational,,0,0.73,0
866,5,3D Printer,Maintenance,Maintenance,5,0.76,2500
867,2,Laser Cutter,Maintenance,Failures,5,0.66,2500
868,3,Conveyor Belt,Operational,,0,0.71,0
869,2,Robotic Arm,Operational,,0,0.63,0
870,2,Drilling Machine,Maintenance,Failures,8,0.63,4000
871,3,Packaging Machine,Operational,,0,0.65,0
872,3,Conveyor Belt,Maintenance,Maintenance,5,0.69,2500
873,1,Drilling Machine,Operational,,0,0.77,0
874,1,CNC Machine,Operational,,0,0.69,0
875,5,CNC Machine,Operational,,0,0.66,0
876,2,Conveyor Belt,Maintenance,Failures,9,0.85,4500
877,3,Drilling Machine,Operational,,0,0.85,0
878,2,Conveyor Belt,Maintenance,Failures,3,0.8,1500
879,3,Injection Molder,Operational,,0,0.66,0
880,2,Laser Cutter,Maintenance,Maintenance,7,0.66,3500
881,3,Injection Molder,Operational,,0,0.61,0
882,2,Laser Cutter,Operational,,0,0.65,0
883,2,Conveyor Belt,Operational,,0,0.71,0
884,2,Packaging Machine,Operational,,0,0.87,0
885,5,CNC Machine,Maintenance,Failures,9,0.77,4500
886,1,Injection Molder,Operational,,0,0.83,0
887,2,Laser Cutter,Maintenance,Setup Time,10,0.8,5000
888,1,3D Printer,Operational,,0,0.78,0
889,3,Laser Cutter,Maintenance,Setup Time,7,0.93,3500
890,5,Injection Molder,Operational,,0,0.76,0
891,4,Drilling Machine,Operational,,0,0.92,0
892,3,Laser Cutter,Operational,,0,0.69,0
893,3,Injection Molder,Operational,,0,0.87,0
894,5,Injection Molder,Operational,,0,0.82,0
895,3,CNC Machine,Maintenance,Setup Time,10,0.81,5000
896,5,Robotic Arm,Operational,,0,0.7,0
897,4,Robotic Arm,Maintenance,Maintenance,7,0.85,3500
898,4,Injection Molder,Maintenance,Setup Time,7,0.78,3500
899,1,Injection Molder,Operational,,0,0.84,0
900,4,Packaging Machine,Operational,,0,0.79,0
901,1,Conveyor Belt,Operational,,0,0.95,0
902,3,3D Printer,Operational,,0,0.8,0
903,4,Drilling Machine,Maintenance,Failures,10,0.78,5000
904,5,Packaging Machine,Operational,,0,0.71,0
905,4,Laser Cutter,Maintenance,Maintenance,4,0.8,2000
906,1,CNC Machine,Operational,,0,0.69,0
907,2,Robotic Arm,Operational,,0,0.78,0
908,2,Conveyor Belt,Operational,,0,0.77,0
909,1,3D Printer,Operational,,0,0.78,0
910,5,Packaging Machine,Operational,,0,0.74,0
911,1,Laser Cutter,Operational,,0,0.92,0
912,2,3D Printer,Maintenance,Setup Time,10,0.61,5000
913,1,CNC Machine,Operational,,0,0.75,0
914,3,3D Printer,Maintenance,Failures,5,0.86,2500
915,5,CNC Machine,Maintenance,Setup Time,9,0.93,4500
916,3,Injection Molder,Maintenance,Setup Time,6,0.92,3000
917,3,3D Printer,Operational,,0,0.88,0
918,5,CNC Machine,Operational,,0,0.93,0
919,4,Injection Molder,Operational,,0,0.88,0
920,2,Drilling Machine,Operational,,0,0.68,0
921,1,3D Printer,Operational,,0,0.7,0
922,2,Laser Cutter,Operational,,0,0.79,0
923,4,Packaging Machine,Maintenance,Setup Time,2,0.76,1000
924,3,Packaging Machine,Operational,,0,0.88,0
925,5,CNC Machine,Operational,,0,0.72,0
926,1,Robotic Arm,Operational,,0,0.66,0
927,2,Injection Molder,Operational,,0,0.92,0
928,4,Drilling Machine,Operational,,0,0.72,0
929,2,Laser Cutter,Operational,,0,0.74,0
930,5,3D Printer,Operational,,0,0.78,0
931,5,Injection Molder,Operational,,0,0.86,0
932,2,Injection Molder,Operational,,0,0.69,0
933,1,3D Printer,Operational,,0,0.76,0
934,3,Conveyor Belt,Operational,,0,0.61,0
935,3,3D Printer,Operational,,0,0.85,0
936,5,Drilling Machine,Operational,,0,0.71,0
937,3,Conveyor Belt,Operational,,0,0.91,0
938,3,Injection Molder,Maintenance,Setup Time,1,0.66,500
939,2,Laser Cutter,Operational,,0,0.93,0
940,1,Laser Cutter,Repair,Setup Time,10,0.85,5000
941,2,Robotic Arm,Operational,,0,0.86,0
942,1,3D Printer,Repair,Failures,2,0.84,1000
943,2,Robotic Arm,Operational,,0,0.63,0
944,2,CNC Machine,Operational,,0,0.94,0
945,3,Robotic Arm,Operational,,0,0.79,0
946,1,3D Printer,Operational,,0,0.76,0
947,5,Drilling Machine,Operational,,0,0.67,0
948,5,3D Printer,Maintenance,Failures,10,0.85,5000
949,4,Laser Cutter,Operational,,0,0.72,0
950,3,3D Printer,Maintenance,Setup Time,1,0.81,500
951,3,3D Printer,Maintenance,Setup Time,9,0.63,4500
952,2,Packaging Machine,Maintenance,Maintenance,4,0.81,2000
953,5,3D Printer,Operational,,0,0.78,0
954,1,3D Printer,Maintenance,Maintenance,1,0.64,500
955,3,Laser Cutter,Operational,,0,0.85,0
956,1,3D Printer,Operational,,0,0.74,0
957,5,Injection Molder,Operational,,0,0.79,0
958,2,Packaging Machine,Operational,,0,0.63,0
959,5,Robotic Arm,Operational,,0,0.68,0
960,3,Drilling Machine,Repair,Maintenance,4,0.68,2000
961,5,Packaging Machine,Operational,,0,0.81,0
962,2,Drilling Machine,Operational,,0,0.89,0
963,1,Conveyor Belt,Operational,,0,0.6,0
964,4,Injection Molder,Operational,,0,0.74,0
965,4,Packaging Machine,Operational,,0,0.94,0
966,1,Conveyor Belt,Operational,,0,0.91,0
967,1,Laser Cutter,Operational,,0,0.64,0
968,4,Drilling Machine,Operational,,0,0.86,0
969,3,Injection Molder,Operational,,0,0.71,0
970,2,Robotic Arm,Operational,,0,0.67,0
971,3,Conveyor Belt,Operational,,0,0.83,0
972,5,Injection Molder,Maintenance,Failures,10,0.62,5000
973,1,Injection Molder,Operational,,0,0.71,0
974,3,Robotic Arm,Operational,,0,0.61,0
975,5,Laser Cutter,Operational,,0,0.67,0
976,2,Packaging Machine,Maintenance,Failures,10,0.7,5000
977,3,Laser Cutter,Operational,,0,0.9,0
978,3,Robotic Arm,Operational,,0,0.63,0
979,1,Conveyor Belt,Operational,,0,0.66,0
980,2,3D Printer,Operational,,0,0.67,0
981,3,Laser Cutter,Operational,,0,0.88,0
982,1,Robotic Arm,Repair,Failures,10,0.84,5000
983,3,Injection Molder,Operational,,0,0.84,0
984,3,Drilling Machine,Repair,Maintenance,5,0.8,2500
985,4,3D Printer,Maintenance,Failures,1,0.9,500
986,4,Drilling Machine,Maintenance,Maintenance,9,0.69,4500
987,3,Conveyor Belt,Maintenance,Setup Time,9,0.71,4500
988,5,Packaging Machine,Operational,,0,0.88,0
989,3,Injection Molder,Maintenance,Setup Time,3,0.85,1500
990,2,Packaging Machine,Operational,,0,0.72,0
991,3,Conveyor Belt,Maintenance,Setup Time,10,0.7,5000
992,2,Conveyor Belt,Operational,,0,0.77,0
993,3,Laser Cutter,Maintenance,Setup Time,4,0.87,2000
994,4,Injection Molder,Maintenance,Setup Time,1,0.79,500
995,1,Drilling Machine,Operational,,0,0.84,0
996,4,CNC Machine,Maintenance,Failures,10,0.68,5000
997,1,CNC Machine,Operational,,0,0.6,0
998,5,Injection Molder,Operational,,0,0.69,0
999,2,Laser Cutter,Maintenance,Setup Time,9,0.94,4500
1000,1,CNC Machine,Operational,,0,0.87,0
1001,1,Laser Cutter,Maintenance,Failures,4,0.81,2000
1002,5,Laser Cutter,Maintenance,Setup Time,6,0.77,3000
1003,4,Conveyor Belt,Repair,Setup Time,3,0.93,1500
1004,1,3D Printer,Repair,Failures,7,0.74,3500
1005,3,Robotic Arm,Operational,,0,0.72,0
1006,4,Robotic Arm,Operational,,0,0.63,0
1007,1,CNC Machine,Operational,,0,0.8,0
1008,4,Robotic Arm,Operational,,0,0.63,0
1009,2,Laser Cutter,Repair,Failures,7,0.63,3500
1010,4,3D Printer,Operational,,0,0.87,0
1011,5,Conveyor Belt,Operational,,0,0.92,0
1012,2,Packaging Machine,Maintenance,Setup Time,5,0.84,2500
1013,1,Conveyor Belt,Operational,,0,0.8,0
1014,3,3D Printer,Operational,,0,0.91,0
1015,3,Robotic Arm,Operational,,0,0.67,0
1016,2,CNC Machine,Operational,,0,0.74,0
1017,3,3D Printer,Operational,,0,0.75,0
1018,2,Laser Cutter,Operational,,0,0.75,0
1019,2,Packaging Machine,Operational,,0,0.82,0
1020,4,Conveyor Belt,Maintenance,Setup Time,10,0.9,5000
1021,2,Packaging Machine,Maintenance,Setup Time,9,0.64,4500
1022,3,CNC Machine,Repair,Setup Time,8,0.82,4000
1023,5,Robotic Arm,Maintenance,Failures,6,0.9,3000
1024,2,Robotic Arm,Idle,Maintenance,0,0.95,0
1025,4,CNC Machine,Operational,,0,0.83,0
1026,2,Conveyor Belt,Operational,,0,0.71,0
1027,3,Packaging Machine,Operational,,0,0.91,0
1028,3,3D Printer,Operational,,0,0.82,0
1029,4,CNC Machine,Operational,,0,0.76,0
1030,2,3D Printer,Repair,Failures,1,0.86,500
1031,3,Packaging Machine,Maintenance,Failures,1,0.93,500
1032,5,CNC Machine,Maintenance,Failures,5,0.71,2500
1033,3,Robotic Arm,Maintenance,Failures,9,0.65,4500
1034,3,Conveyor Belt,Maintenance,Maintenance,9,0.65,4500
1035,4,Robotic Arm,Repair,Setup Time,5,0.94,2500
1036,2,Conveyor Belt,Operational,,0,0.65,0
1037,4,Laser Cutter,Operational,,0,0.89,0
1038,3,Laser Cutter,Operational,,0,0.87,0
1039,5,Robotic Arm,Maintenance,Setup Time,3,0.75,1500
1040,3,Packaging Machine,Maintenance,Failures,3,0.94,1500
1041,1,3D Printer,Operational,,0,0.66,0
1042,5,Injection Molder,Operational,,0,0.73,0
1043,2,CNC Machine,Operational,,0,0.87,0
1044,5,3D Printer,Maintenance,Maintenance,5,0.92,2500
1045,5,Packaging Machine,Operational,,0,0.75,0
1046,5,3D Printer,Maintenance,Setup Time,2,0.91,1000
1047,3,Robotic Arm,Operational,,0,0.78,0
1048,5,Drilling Machine,Operational,,0,0.79,0
1049,5,Injection Molder,Maintenance,Maintenance,5,0.94,2500
1050,3,Laser Cutter,Operational,,0,0.83,0
1051,3,Drilling Machine,Maintenance,Setup Time,5,0.7,2500
1052,1,Drilling Machine,Operational,,0,0.92,0
1053,2,Robotic Arm,Operational,,0,0.7,0
1054,2,Drilling Machine,Operational,,0,0.94,0
1055,2,Drilling Machine,Operational,,0,0.68,0
1056,3,CNC Machine,Operational,,0,0.82,0
1057,1,Packaging Machine,Operational,,0,0.65,0
1058,2,CNC Machine,Maintenance,Setup Time,9,0.73,4500
1059,5,Drilling Machine,Operational,,0,0.83,0
1060,1,Injection Molder,Operational,,0,0.9,0
1061,5,3D Printer,Operational,,0,0.63,0
1062,2,Laser Cutter,Maintenance,Setup Time,3,0.88,1500
1063,2,CNC Machine,Operational,,0,0.65,0
1064,2,Injection Molder,Repair,Failures,10,0.76,5000
1065,5,CNC Machine,Operational,,0,0.85,0
1066,3,Robotic Arm,Operational,,0,0.69,0
1067,4,Laser Cutter,Operational,,0,0.9,0
1068,4,Packaging Machine,Operational,,0,0.66,0
1069,3,CNC Machine,Operational,,0,0.67,0
1070,4,CNC Machine,Operational,,0,0.92,0
1071,5,CNC Machine,Maintenance,Setup Time,4,0.74,2000
1072,1,3D Printer,Repair,Setup Time,8,0.61,4000
1073,3,3D Printer,Operational,,0,0.91,0
1074,2,Drilling Machine,Operational,,0,0.66,0
1075,4,Drilling Machine,Idle,Setup Time,0,0.77,0
1076,4,Drilling Machine,Operational,,0,0.69,0
1077,2,Injection Molder,Operational,,0,0.93,0
1078,5,CNC Machine,Operational,,0,0.77,0
1079,2,Laser Cutter,Operational,,0,0.89,0
1080,3,Drilling Machine,Operational,,0,0.76,0
1081,5,Injection Molder,Operational,,0,0.82,0
1082,3,Injection Molder,Operational,,0,0.74,0
1083,5,Packaging Machine,Operational,,0,0.91,0
1084,1,Laser Cutter,Operational,,0,0.84,0
1085,2,Drilling Machine,Operational,,0,0.75,0
1086,1,CNC Machine,Operational,,0,0.8,0
1087,2,3D Printer,Repair,Setup Time,10,0.78,5000
1088,3,Drilling Machine,Operational,,0,0.67,0
1089,2,3D Printer,Operational,,0,0.93,0
1090,2,CNC Machine,Operational,,0,0.67,0
1091,5,Robotic Arm,Maintenance,Maintenance,10,0.72,5000
1092,2,Injection Molder,Operational,,0,0.84,0
1093,3,Packaging Machine,Operational,,0,0.89,0
1094,5,Robotic Arm,Operational,,0,0.9,0
1095,5,Laser Cutter,Operational,,0,0.62,0
1096,1,Injection Molder,Maintenance,Setup Time,10,0.93,5000
1097,3,Packaging Machine,Repair,Setup Time,4,0.8,2000
1098,4,Injection Molder,Operational,,0,0.69,0
1099,3,Robotic Arm,Operational,,0,0.75,0
1100,5,Laser Cutter,Operational,,0,0.89,0
1101,5,CNC Machine,Operational,,0,0.77,0
1102,5,Drilling Machine,Operational,,0,0.93,0
1103,2,Conveyor Belt,Operational,,0,0.84,0
1104,1,Robotic Arm,Maintenance,Setup Time,8,0.67,4000
1105,5,Injection Molder,Operational,,0,0.66,0
1106,2,Robotic Arm,Operational,,0,0.73,0
1107,1,Robotic Arm,Operational,,0,0.75,0
1108,4,Robotic Arm,Operational,,0,0.7,0
1109,5,Laser Cutter,Operational,,0,0.7,0
1110,2,Laser Cutter,Operational,,0,0.77,0
1111,3,Laser Cutter,Operational,,0,0.65,0
1112,1,Packaging Machine,Operational,,0,0.88,0
1113,5,3D Printer,Maintenance,Failures,4,0.92,2000
1114,5,Drilling Machine,Idle,Maintenance,0,0.65,0
1115,5,Laser Cutter,Operational,,0,0.71,0
1116,1,3D Printer,Operational,,0,0.63,0
1117,5,Injection Molder,Operational,,0,0.64,0
1118,1,CNC Machine,Operational,,0,0.75,0
1119,2,Laser Cutter,Repair,Setup Time,9,0.66,4500
1120,2,Drilling Machine,Operational,,0,0.9,0
1121,3,Injection Molder,Operational,,0,0.76,0
1122,5,Packaging Machine,Operational,,0,0.65,0
1123,1,Laser Cutter,Operational,,0,0.76,0
1124,1,Conveyor Belt,Maintenance,Setup Time,1,0.89,500
1125,2,Packaging Machine,Operational,,0,0.93,0
1126,5,CNC Machine,Operational,,0,0.81,0
1127,4,Packaging Machine,Operational,,0,0.77,0
1128,3,Drilling Machine,Operational,,0,0.8,0
1129,4,Injection Molder,Operational,,0,0.94,0
1130,1,Drilling Machine,Operational,,0,0.74,0
1131,3,Drilling Machine,Maintenance,Setup Time,2,0.69,1000
1132,3,Drilling Machine,Operational,,0,0.9,0
1133,4,Injection Molder,Operational,,0,0.93,0
1134,1,Conveyor Belt,Operational,,0,0.64,0
1135,4,Drilling Machine,Maintenance,Failures,1,0.8,500
1136,1,Packaging Machine,Idle,Failures,0,0.61,0
1137,5,Laser Cutter,Maintenance,Failures,10,0.61,5000
1138,3,Robotic Arm,Operational,,0,0.75,0
1139,3,Laser Cutter,Operational,,0,0.71,0
1140,5,Conveyor Belt,Operational,,0,0.86,0
1141,5,Laser Cutter,Operational,,0,0.65,0
1142,1,Injection Molder,Operational,,0,0.82,0
1143,2,3D Printer,Operational,,0,0.85,0
1144,3,Drilling Machine,Idle,Setup Time,0,0.63,0
1145,4,Drilling Machine,Operational,,0,0.78,0
1146,5,Injection Molder,Operational,,0,0.65,0
1147,4,CNC Machine,Operational,,0,0.69,0
1148,2,3D Printer,Repair,Failures,6,0.86,3000
1149,1,Injection Molder,Operational,,0,0.63,0
1150,3,Drilling Machine,Operational,,0,0.87,0
1151,3,Packaging Machine,Operational,,0,0.93,0
1152,2,Laser Cutter,Maintenance,Setup Time,10,0.81,5000
1153,3,Injection Molder,Operational,,0,0.8,0
1154,5,Packaging Machine,Operational,,0,0.62,0
1155,1,Conveyor Belt,Operational,,0,0.66,0
1156,1,Conveyor Belt,Operational,,0,0.64,0
1157,1,Robotic Arm,Operational,,0,0.78,0
1158,1,Packaging Machine,Operational,,0,0.94,0
1159,1,CNC Machine,Operational,,0,0.82,0
1160,5,3D Printer,Operational,,0,0.91,0
1161,4,3D Printer,Operational,,0,0.62,0
1162,1,Drilling Machine,Operational,,0,0.64,0
1163,1,3D Printer,Operational,,0,0.68,0
1164,2,Injection Molder,Operational,,0,0.67,0
1165,3,Conveyor Belt,Operational,,0,0.77,0
1166,2,Robotic Arm,Repair,Setup Time,9,0.74,4500
1167,3,Laser Cutter,Operational,,0,0.76,0
1168,1,Laser Cutter,Operational,,0,0.73,0
1169,2,Packaging Machine,Repair,Setup Time,8,0.62,4000
1170,3,3D Printer,Maintenance,Maintenance,8,0.63,4000
1171,1,Injection Molder,Operational,,0,0.62,0
1172,4,Laser Cutter,Operational,,0,0.89,0
1173,1,Laser Cutter,Operational,,0,0.68,0
1174,3,Laser Cutter,Operational,,0,0.69,0
1175,5,Conveyor Belt,Operational,,0,0.69,0
1176,1,Conveyor Belt,Operational,,0,0.66,0
1177,2,CNC Machine,Maintenance,Setup Time,1,0.91,500
1178,5,3D Printer,Operational,,0,0.7,0
1179,5,Packaging Machine,Operational,,0,0.85,0
1180,3,Drilling Machine,Repair,Maintenance,3,0.77,1500
1181,2,Injection Molder,Maintenance,Setup Time,4,0.86,2000
1182,2,Drilling Machine,Operational,,0,0.83,0
1183,3,Drilling Machine,Idle,Failures,0,0.81,0
1184,1,Conveyor Belt,Maintenance,Setup Time,7,0.79,3500
1185,4,Conveyor Belt,Operational,,0,0.6,0
1186,1,Robotic Arm,Operational,,0,0.9,0
1187,4,CNC Machine,Operational,,0,0.63,0
1188,3,Laser Cutter,Repair,Failures,10,0.63,5000
1189,1,3D Printer,Maintenance,Setup Time,5,0.94,2500
1190,2,Robotic Arm,Operational,,0,0.84,0
1191,5,CNC Machine,Operational,,0,0.73,0
1192,3,CNC Machine,Operational,,0,0.84,0
1193,3,Drilling Machine,Operational,,0,0.63,0
1194,5,Packaging Machine,Operational,,0,0.67,0
1195,2,CNC Machine,Operational,,0,0.64,0
1196,1,Robotic Arm,Operational,,0,0.66,0
1197,1,Packaging Machine,Operational,,0,0.66,0
1198,5,Packaging Machine,Operational,,0,0.65,0
1199,2,Injection Molder,Operational,,0,0.93,0
1200,5,CNC Machine,Operational,,0,0.77,0
1201,5,Conveyor Belt,Operational,,0,0.66,0
1202,2,Laser Cutter,Operational,,0,0.86,0
1203,1,3D Printer,Maintenance,Failures,10,0.68,5000
1204,4,Laser Cutter,Operational,,0,0.95,0
1205,2,Packaging Machine,Maintenance,Setup Time,3,0.69,1500
1206,1,CNC Machine,Operational,,0,0.89,0
1207,3,Conveyor Belt,Operational,,0,0.63,0
1208,2,Injection Molder,Operational,,0,0.84,0
1209,2,Injection Molder,Operational,,0,0.88,0
1210,4,CNC Machine,Operational,,0,0.79,0
1211,4,Packaging Machine,Operational,,0,0.65,0
1212,3,Conveyor Belt,Maintenance,Setup Time,3,0.8,1500
1213,3,CNC Machine,Repair,Failures,3,0.76,1500
1214,2,Packaging Machine,Maintenance,Setup Time,3,0.62,1500
1215,5,CNC Machine,Operational,,0,0.64,0
1216,1,Robotic Arm,Operational,,0,0.73,0
1217,3,Packaging Machine,Maintenance,Failures,9,0.91,4500
1218,5,3D Printer,Operational,,0,0.82,0
1219,3,Packaging Machine,Maintenance,Setup Time,9,0.74,4500
1220,3,Laser Cutter,Maintenance,Failures,9,0.7,4500
1221,4,Robotic Arm,Repair,Setup Time,3,0.79,1500
1222,4,CNC Machine,Operational,,0,0.84,0
1223,2,Drilling Machine,Maintenance,Maintenance,9,0.76,4500
1224,3,Laser Cutter,Operational,,0,0.91,0
1225,1,Conveyor Belt,Operational,,0,0.84,0
1226,4,Packaging Machine,Operational,,0,0.74,0
1227,5,Laser Cutter,Operational,,0,0.87,0
1228,4,Robotic Arm,Maintenance,Failures,5,0.75,2500
1229,1,Packaging Machine,Operational,,0,0.75,0
1230,1,Packaging Machine,Operational,,0,0.76,0
1231,1,Packaging Machine,Idle,Maintenance,0,0.75,0
1232,2,3D Printer,Operational,,0,0.81,0
1233,3,Injection Molder,Repair,Setup Time,5,0.82,2500
1234,2,Injection Molder,Repair,Maintenance,1,0.79,500
1235,2,3D Printer,Operational,,0,0.94,0
1236,3,Robotic Arm,Operational,,0,0.72,0
1237,4,3D Printer,Repair,Setup Time,1,0.74,500
1238,1,Injection Molder,Operational,,0,0.75,0
1239,2,CNC Machine,Operational,,0,0.82,0
1240,1,Robotic Arm,Operational,,0,0.91,0
1241,2,CNC Machine,Operational,,0,0.9,0
1242,5,Laser Cutter,Operational,,0,0.71,0
1243,1,3D Printer,Operational,,0,0.91,0
1244,4,Injection Molder,Operational,,0,0.65,0
1245,4,Packaging Machine,Operational,,0,0.93,0
1246,1,Packaging Machine,Operational,,0,0.86,0
1247,1,Packaging Machine,Maintenance,Maintenance,1,0.62,500
1248,5,Robotic Arm,Maintenance,Setup Time,8,0.91,4000
1249,3,Packaging Machine,Operational,,0,0.76,0
1250,1,Packaging Machine,Operational,,0,0.88,0
1251,4,Robotic Arm,Operational,,0,0.93,0
1252,4,Drilling Machine,Operational,,0,0.84,0
1253,2,Laser Cutter,Operational,,0,0.85,0
1254,5,3D Printer,Operational,,0,0.83,0
1255,2,Laser Cutter,Operational,,0,0.84,0
1256,5,Conveyor Belt,Maintenance,Setup Time,4,0.91,2000
1257,4,Packaging Machine,Operational,,0,0.62,0
1258,4,Packaging Machine,Maintenance,Failures,6,0.73,3000
1259,1,Drilling Machine,Operational,,0,0.88,0
1260,5,Conveyor Belt,Maintenance,Maintenance,3,0.62,1500
1261,3,Drilling Machine,Maintenance,Setup Time,6,0.69,3000
1262,5,Laser Cutter,Operational,,0,0.89,0
1263,4,Packaging Machine,Operational,,0,0.7,0
1264,3,3D Printer,Maintenance,Maintenance,1,0.83,500
1265,3,CNC Machine,Operational,,0,0.8,0
1266,2,Injection Molder,Operational,,0,0.72,0
1267,4,Injection Molder,Operational,,0,0.84,0
1268,5,Packaging Machine,Operational,,0,0.81,0
1269,3,Drilling Machine,Operational,,0,0.79,0
1270,3,Laser Cutter,Operational,,0,0.9,0
1271,1,Drilling Machine,Operational,,0,0.82,0
1272,5,Laser Cutter,Maintenance,Setup Time,7,0.79,3500
1273,5,Injection Molder,Maintenance,Setup Time,6,0.86,3000
1274,4,Drilling Machine,Operational,,0,0.65,0
1275,1,Laser Cutter,Operational,,0,0.68,0
1276,4,Packaging Machine,Operational,,0,0.79,0
1277,1,Injection Molder,Operational,,0,0.83,0
1278,5,Injection Molder,Operational,,0,0.92,0
1279,3,Robotic Arm,Idle,Setup Time,0,0.88,0
1280,4,Packaging Machine,Operational,,0,0.62,0
1281,5,CNC Machine,Maintenance,Setup Time,1,0.62,500
1282,5,3D Printer,Operational,,0,0.69,0
1283,3,CNC Machine,Operational,,0,0.74,0
1284,2,Drilling Machine,Repair,Failures,9,0.64,4500
1285,2,Conveyor Belt,Repair,Setup Time,6,0.84,3000
1286,5,Robotic Arm,Maintenance,Failures,6,0.74,3000
1287,1,Laser Cutter,Maintenance,Setup Time,8,0.68,4000
1288,5,Packaging Machine,Maintenance,Failures,9,0.62,4500
1289,5,Conveyor Belt,Operational,,0,0.86,0
1290,4,Injection Molder,Operational,,0,0.71,0
1291,3,Laser Cutter,Operational,,0,0.82,0
1292,2,Drilling Machine,Operational,,0,0.63,0
1293,1,Robotic Arm,Operational,,0,0.93,0
1294,5,3D Printer,Operational,,0,0.89,0
1295,4,Conveyor Belt,Maintenance,Setup Time,10,0.62,5000
1296,4,CNC Machine,Operational,,0,0.89,0
1297,1,Packaging Machine,Operational,,0,0.84,0
1298,3,Robotic Arm,Operational,,0,0.67,0
1299,5,Packaging Machine,Operational,,0,0.75,0
1300,4,3D Printer,Operational,,0,0.92,0
1301,4,Drilling Machine,Operational,,0,0.64,0
1302,1,Laser Cutter,Maintenance,Maintenance,4,0.72,2000
1303,5,Laser Cutter,Maintenance,Failures,1,0.7,500
1304,4,Laser Cutter,Operational,,0,0.65,0
1305,2,Conveyor Belt,Operational,,0,0.78,0
1306,1,Robotic Arm,Operational,,0,0.82,0
1307,3,Packaging Machine,Maintenance,Failures,1,0.81,500
1308,5,Robotic Arm,Operational,,0,0.65,0
1309,3,Conveyor Belt,Operational,,0,0.83,0
1310,3,Drilling Machine,Operational,,0,0.74,0
1311,1,Packaging Machine,Operational,,0,0.72,0
1312,2,CNC Machine,Operational,,0,0.77,0
1313,2,Laser Cutter,Operational,,0,0.85,0
1314,4,3D Printer,Maintenance,Setup Time,1,0.92,500
1315,2,Conveyor Belt,Operational,,0,0.76,0
1316,1,Drilling Machine,Operational,,0,0.82,0
1317,2,Conveyor Belt,Repair,Setup Time,8,0.86,4000
1318,5,Injection Molder,Operational,,0,0.88,0
1319,4,Laser Cutter,Operational,,0,0.68,0
1320,1,Drilling Machine,Operational,,0,0.92,0
1321,3,Robotic Arm,Operational,,0,0.64,0
1322,1,Laser Cutter,Maintenance,Setup Time,9,0.72,4500
1323,1,Injection Molder,Maintenance,Setup Time,8,0.76,4000
1324,4,Drilling Machine,Operational,,0,0.77,0
1325,5,Packaging Machine,Operational,,0,0.79,0
1326,3,Packaging Machine,Operational,,0,0.87,0
1327,1,Injection Molder,Operational,,0,0.68,0
1328,4,CNC Machine,Operational,,0,0.78,0
1329,2,Laser Cutter,Operational,,0,0.95,0
1330,4,Packaging Machine,Operational,,0,0.87,0
1331,1,CNC Machine,Operational,,0,0.86,0
1332,1,Conveyor Belt,Repair,Maintenance,9,0.69,4500
1333,1,Laser Cutter,Maintenance,Failures,10,0.88,5000
1334,4,3D Printer,Maintenance,Failures,7,0.66,3500
1335,3,Robotic Arm,Operational,,0,0.93,0
1336,4,3D Printer,Operational,,0,0.95,0
1337,1,CNC Machine,Operational,,0,0.75,0
1338,5,CNC Machine,Maintenance,Setup Time,4,0.73,2000
1339,2,Drilling Machine,Operational,,0,0.86,0
1340,2,Conveyor Belt,Operational,,0,0.84,0
1341,5,3D Printer,Operational,,0,0.7,0
1342,3,3D Printer,Operational,,0,0.62,0
1343,1,CNC Machine,Idle,Setup Time,0,0.85,0
1344,5,Robotic Arm,Maintenance,Setup Time,5,0.63,2500
1345,1,Packaging Machine,Operational,,0,0.94,0
1346,5,Laser Cutter,Maintenance,Failures,7,0.68,3500
1347,1,CNC Machine,Operational,,0,0.85,0
1348,2,Packaging Machine,Maintenance,Maintenance,7,0.63,3500
1349,2,Laser Cutter,Operational,,0,0.64,0
1350,2,Laser Cutter,Operational,,0,0.89,0
1351,3,Conveyor Belt,Operational,,0,0.88,0
1352,5,Conveyor Belt,Operational,,0,0.94,0
1353,1,Packaging Machine,Operational,,0,0.65,0
1354,4,Injection Molder,Operational,,0,0.65,0
1355,4,Drilling Machine,Operational,,0,0.64,0
1356,3,Injection Molder,Maintenance,Failures,1,0.75,500
1357,3,Packaging Machine,Operational,,0,0.63,0
1358,4,Robotic Arm,Maintenance,Setup Time,1,0.74,500
1359,4,Drilling Machine,Operational,,0,0.89,0
1360,3,Conveyor Belt,Operational,,0,0.77,0
1361,4,Robotic Arm,Operational,,0,0.73,0
1362,5,Conveyor Belt,Operational,,0,0.89,0
1363,1,Laser Cutter,Maintenance,Maintenance,7,0.86,3500
1364,2,Injection Molder,Operational,,0,0.91,0
1365,5,Robotic Arm,Operational,,0,0.94,0
1366,4,CNC Machine,Operational,,0,0.88,0
1367,2,CNC Machine,Idle,Failures,0,0.69,0
1368,1,3D Printer,Operational,,0,0.63,0
1369,3,Conveyor Belt,Operational,,0,0.7,0
1370,1,CNC Machine,Operational,,0,0.91,0
1371,2,Conveyor Belt,Operational,,0,0.66,0
1372,3,CNC Machine,Maintenance,Setup Time,6,0.73,3000
1373,4,Packaging Machine,Operational,,0,0.63,0
1374,2,Packaging Machine,Operational,,0,0.95,0
1375,1,Injection Molder,Operational,,0,0.72,0
1376,5,Packaging Machine,Repair,Failures,9,0.86,4500
1377,1,Packaging Machine,Operational,,0,0.79,0
1378,1,CNC Machine,Operational,,0,0.78,0
1379,4,Drilling Machine,Operational,,0,0.72,0
1380,5,3D Printer,Operational,,0,0.76,0
1381,5,Packaging Machine,Operational,,0,0.82,0
1382,5,Drilling Machine,Operational,,0,0.82,0
1383,5,3D Printer,Operational,,0,0.81,0
1384,5,Injection Molder,Operational,,0,0.65,0
1385,2,Packaging Machine,Maintenance,Maintenance,8,0.82,4000
1386,2,Drilling Machine,Operational,,0,0.94,0
1387,1,3D Printer,Maintenance,Setup Time,7,0.81,3500
1388,5,CNC Machine,Operational,,0,0.92,0
1389,4,Laser Cutter,Operational,,0,0.79,0
1390,3,Injection Molder,Operational,,0,0.86,0
1391,3,Robotic Arm,Operational,,0,0.87,0
1392,5,Drilling Machine,Operational,,0,0.77,0
1393,1,Robotic Arm,Repair,Failures,3,0.75,1500
1394,1,Packaging Machine,Operational,,0,0.94,0
1395,5,Injection Molder,Operational,,0,0.87,0
1396,4,Packaging Machine,Operational,,0,0.9,0
1397,1,Conveyor Belt,Operational,,0,0.61,0
1398,4,Conveyor Belt,Repair,Setup Time,3,0.61,1500
1399,4,Injection Molder,Operational,,0,0.73,0
1400,3,3D Printer,Operational,,0,0.69,0
1401,5,Injection Molder,Operational,,0,0.64,0
1402,5,Packaging Machine,Maintenance,Setup Time,4,0.63,2000
1403,1,Laser Cutter,Maintenance,Setup Time,2,0.86,1000
1404,1,Drilling Machine,Operational,,0,0.63,0
1405,4,Laser Cutter,Operational,,0,0.81,0
1406,4,Injection Molder,Operational,,0,0.78,0
1407,4,Laser Cutter,Idle,Failures,0,0.67,0
1408,3,Packaging Machine,Operational,,0,0.66,0
1409,5,Injection Molder,Operational,,0,0.87,0
1410,1,Laser Cutter,Operational,,0,0.82,0
1411,3,CNC Machine,Repair,Setup Time,7,0.63,3500
1412,5,3D Printer,Idle,Failures,0,0.68,0
1413,4,CNC Machine,Maintenance,Setup Time,8,0.85,4000
1414,1,Injection Molder,Operational,,0,0.77,0
1415,2,Injection Molder,Maintenance,Setup Time,5,0.68,2500
1416,2,Robotic Arm,Maintenance,Setup Time,8,0.83,4000
1417,2,Conveyor Belt,Maintenance,Failures,8,0.89,4000
1418,2,Injection Molder,Operational,,0,0.66,0
1419,4,Drilling Machine,Operational,,0,0.91,0
1420,1,Injection Molder,Operational,,0,0.94,0
1421,1,CNC Machine,Operational,,0,0.79,0
1422,5,Packaging Machine,Operational,,0,0.83,0
1423,5,Injection Molder,Operational,,0,0.61,0
1424,3,Packaging Machine,Idle,Setup Time,0,0.63,0
1425,1,Robotic Arm,Operational,,0,0.65,0
1426,3,Injection Molder,Operational,,0,0.9,0
1427,4,Drilling Machine,Operational,,0,0.92,0
1428,5,Robotic Arm,Operational,,0,0.74,0
1429,2,Drilling Machine,Operational,,0,0.92,0
1430,5,3D Printer,Operational,,0,0.67,0
1431,3,3D Printer,Operational,,0,0.92,0
1432,4,CNC Machine,Operational,,0,0.66,0
1433,4,Laser Cutter,Operational,,0,0.73,0
1434,2,Laser Cutter,Operational,,0,0.78,0
1435,2,Robotic Arm,Operational,,0,0.67,0
1436,1,Injection Molder,Operational,,0,0.76,0
1437,4,3D Printer,Operational,,0,0.89,0
1438,5,CNC Machine,Operational,,0,0.73,0
1439,2,Laser Cutter,Operational,,0,0.7,0
1440,5,Robotic Arm,Operational,,0,0.78,0
1441,2,Robotic Arm,Operational,,0,0.8,0
1442,4,3D Printer,Maintenance,Setup Time,7,0.83,3500
1443,4,Conveyor Belt,Operational,,0,0.92,0
1444,4,Laser Cutter,Maintenance,Setup Time,7,0.89,3500
1445,4,Packaging Machine,Operational,,0,0.65,0
1446,2,Robotic Arm,Maintenance,Setup Time,5,0.71,2500
1447,2,Conveyor Belt,Repair,Setup Time,1,0.87,500
1448,2,Robotic Arm,Operational,,0,0.83,0
1449,3,CNC Machine,Operational,,0,0.61,0
1450,4,Packaging Machine,Maintenance,Failures,4,0.9,2000
1451,1,Robotic Arm,Operational,,0,0.79,0
1452,1,Injection Molder,Maintenance,Maintenance,10,0.87,5000
1453,2,CNC Machine,Maintenance,Maintenance,9,0.73,4500
1454,4,Conveyor Belt,Operational,,0,0.67,0
1455,5,3D Printer,Maintenance,Failures,4,0.75,2000
1456,3,Packaging Machine,Operational,,0,0.65,0
1457,4,Drilling Machine,Repair,Failures,8,0.7,4000
1458,4,CNC Machine,Operational,,0,0.62,0
1459,4,Laser Cutter,Operational,,0,0.91,0
1460,1,Conveyor Belt,Maintenance,Setup Time,4,0.8,2000
1461,1,Laser Cutter,Maintenance,Failures,7,0.8,3500
1462,1,Drilling Machine,Operational,,0,0.78,0
1463,3,Conveyor Belt,Operational,,0,0.63,0
1464,5,Injection Molder,Maintenance,Setup Time,9,0.83,4500
1465,1,Conveyor Belt,Operational,,0,0.87,0
1466,2,Laser Cutter,Operational,,0,0.63,0
1467,1,Drilling Machine,Operational,,0,0.88,0
1468,5,Packaging Machine,Operational,,0,0.81,0
1469,4,Drilling Machine,Operational,,0,0.94,0
1470,4,Packaging Machine,Operational,,0,0.89,0
1471,3,Injection Molder,Operational,,0,0.94,0
1472,2,Robotic Arm,Operational,,0,0.87,0
1473,1,Robotic Arm,Operational,,0,0.9,0
1474,1,Injection Molder,Maintenance,Setup Time,8,0.86,4000
1475,1,CNC Machine,Operational,,0,0.75,0
1476,4,Injection Molder,Operational,,0,0.67,0
1477,1,CNC Machine,Repair,Setup Time,5,0.81,2500
1478,3,CNC Machine,Operational,,0,0.88,0
1479,4,Packaging Machine,Operational,,0,0.63,0
1480,2,CNC Machine,Operational,,0,0.93,0
1481,3,Drilling Machine,Operational,,0,0.89,0
1482,2,CNC Machine,Operational,,0,0.89,0
1483,5,CNC Machine,Operational,,0,0.92,0
1484,2,Robotic Arm,Maintenance,Setup Time,2,0.78,1000
1485,4,Drilling Machine,Operational,,0,0.68,0
1486,3,Injection Molder,Operational,,0,0.65,0
1487,3,Injection Molder,Operational,,0,0.8,0
1488,3,3D Printer,Operational,,0,0.61,0
1489,1,Laser Cutter,Operational,,0,0.67,0
1490,2,Robotic Arm,Operational,,0,0.71,0
1491,4,CNC Machine,Operational,,0,0.73,0
1492,3,CNC Machine,Maintenance,Failures,1,0.89,500
1493,1,3D Printer,Operational,,0,0.81,0
1494,4,CNC Machine,Idle,Setup Time,0,0.92,0
1495,2,Drilling Machine,Operational,,0,0.61,0
1496,3,3D Printer,Maintenance,Failures,9,0.65,4500
1497,5,Robotic Arm,Repair,Failures,8,0.84,4000
1498,1,Conveyor Belt,Operational,,0,0.7,0
1499,2,Injection Molder,Operational,,0,0.72,0
1500,4,Packaging Machine,Maintenance,Setup Time,10,0.73,5000
1501,3,Packaging Machine,Operational,,0,0.85,0
1502,2,Conveyor Belt,Operational,,0,0.85,0
1503,4,Conveyor Belt,Maintenance,Maintenance,5,0.9,2500
1504,2,Conveyor Belt,Maintenance,Setup Time,9,0.65,4500
1505,5,Drilling Machine,Operational,,0,0.69,0
1506,5,Drilling Machine,Maintenance,Setup Time,5,0.69,2500
1507,4,Packaging Machine,Idle,Maintenance,0,0.78,0
1508,4,Drilling Machine,Maintenance,Setup Time,5,0.72,2500
1509,4,Conveyor Belt,Operational,,0,0.95,0
1510,2,CNC Machine,Operational,,0,0.8,0
1511,5,CNC Machine,Operational,,0,0.93,0
1512,2,CNC Machine,Operational,,0,0.66,0
1513,5,Robotic Arm,Operational,,0,0.69,0
1514,3,Robotic Arm,Operational,,0,0.79,0
1515,4,CNC Machine,Operational,,0,0.8,0
1516,5,Laser Cutter,Operational,,0,0.83,0
1517,2,Conveyor Belt,Idle,Failures,0,0.8,0
1518,5,CNC Machine,Idle,Failures,0,0.93,0
1519,1,CNC Machine,Idle,Failures,0,0.9,0
1520,4,Packaging Machine,Operational,,0,0.91,0
1521,1,Injection Molder,Operational,,0,0.82,0
1522,4,Packaging Machine,Operational,,0,0.62,0
1523,1,Robotic Arm,Maintenance,Maintenance,5,0.71,2500
1524,4,Drilling Machine,Operational,,0,0.64,0
1525,1,Laser Cutter,Maintenance,Failures,8,0.73,4000
1526,4,Drilling Machine,Operational,,0,0.93,0
1527,1,Conveyor Belt,Operational,,0,0.86,0
1528,4,CNC Machine,Operational,,0,0.92,0
1529,2,Drilling Machine,Maintenance,Failures,5,0.64,2500
1530,2,Drilling Machine,Maintenance,Maintenance,2,0.63,1000
1531,2,CNC Machine,Operational,,0,0.7,0
1532,4,Laser Cutter,Maintenance,Failures,9,0.88,4500
1533,2,CNC Machine,Operational,,0,0.73,0
1534,1,3D Printer,Operational,,0,0.77,0
1535,2,3D Printer,Operational,,0,0.64,0
1536,5,Robotic Arm,Operational,,0,0.93,0
1537,5,CNC Machine,Maintenance,Setup Time,7,0.71,3500
1538,5,Robotic Arm,Operational,,0,0.81,0
1539,5,Packaging Machine,Maintenance,Setup Time,6,0.75,3000
1540,5,Conveyor Belt,Operational,,0,0.61,0
1541,4,Packaging Machine,Operational,,0,0.7,0
1542,1,Injection Molder,Operational,,0,0.68,0
1543,2,CNC Machine,Operational,,0,0.74,0
1544,3,Conveyor Belt,Operational,,0,0.74,0
1545,4,3D Printer,Operational,,0,0.62,0
1546,3,Conveyor Belt,Operational,,0,0.62,0
1547,2,Packaging Machine,Operational,,0,0.8,0
1548,3,3D Printer,Operational,,0,0.8,0
1549,4,3D Printer,Operational,,0,0.7,0
1550,2,Robotic Arm,Operational,,0,0.66,0
1551,2,Injection Molder,Operational,,0,0.76,0
1552,5,Injection Molder,Operational,,0,0.89,0
1553,5,3D Printer,Maintenance,Setup Time,1,0.88,500
1554,4,Injection Molder,Operational,,0,0.6,0
1555,5,Conveyor Belt,Operational,,0,0.7,0
1556,2,Drilling Machine,Operational,,0,0.66,0
1557,5,Injection Molder,Operational,,0,0.84,0
1558,2,3D Printer,Operational,,0,0.72,0
1559,3,3D Printer,Operational,,0,0.67,0
1560,4,Drilling Machine,Operational,,0,0.92,0
1561,3,Robotic Arm,Operational,,0,0.82,0
1562,1,Packaging Machine,Operational,,0,0.84,0
1563,2,Packaging Machine,Operational,,0,0.9,0
1564,1,Packaging Machine,Maintenance,Failures,10,0.78,5000
1565,4,Drilling Machine,Operational,,0,0.91,0
1566,1,Conveyor Belt,Operational,,0,0.88,0
1567,1,CNC Machine,Operational,,0,0.92,0
1568,3,CNC Machine,Operational,,0,0.93,0
1569,1,Packaging Machine,Operational,,0,0.82,0
1570,5,Robotic Arm,Maintenance,Setup Time,7,0.9,3500
1571,5,Conveyor Belt,Operational,,0,0.73,0
1572,5,Drilling Machine,Maintenance,Failures,5,0.91,2500
1573,3,Injection Molder,Operational,,0,0.66,0
1574,4,Conveyor Belt,Maintenance,Setup Time,7,0.87,3500
1575,5,Conveyor Belt,Maintenance,Failures,8,0.84,4000
1576,5,CNC Machine,Operational,,0,0.84,0
1577,3,Conveyor Belt,Operational,,0,0.93,0
1578,1,Laser Cutter,Operational,,0,0.83,0
1579,5,Laser Cutter,Operational,,0,0.82,0
1580,1,Packaging Machine,Maintenance,Failures,3,0.73,1500
1581,5,Conveyor Belt,Operational,,0,0.65,0
1582,4,3D Printer,Operational,,0,0.69,0
1583,3,Packaging Machine,Operational,,0,0.65,0
1584,3,Drilling Machine,Operational,,0,0.92,0
1585,5,Laser Cutter,Operational,,0,0.9,0
1586,3,3D Printer,Operational,,0,0.74,0
1587,3,Drilling Machine,Maintenance,Maintenance,10,0.75,5000
1588,2,Conveyor Belt,Operational,,0,0.61,0
1589,1,Packaging Machine,Maintenance,Failures,1,0.86,500
1590,5,Packaging Machine,Maintenance,Failures,5,0.7,2500
1591,3,Conveyor Belt,Operational,,0,0.8,0
1592,2,Packaging Machine,Operational,,0,0.69,0
1593,4,Conveyor Belt,Operational,,0,0.86,0
1594,5,CNC Machine,Maintenance,Failures,6,0.65,3000
1595,4,CNC Machine,Operational,,0,0.91,0
1596,4,Conveyor Belt,Operational,,0,0.88,0
1597,3,Packaging Machine,Operational,,0,0.84,0
1598,2,Conveyor Belt,Maintenance,Maintenance,2,0.78,1000
1599,1,Laser Cutter,Maintenance,Setup Time,3,0.6,1500
1600,1,Conveyor Belt,Operational,,0,0.77,0
1601,4,Robotic Arm,Operational,,0,0.84,0
1602,5,Drilling Machine,Maintenance,Setup Time,9,0.82,4500
1603,4,Drilling Machine,Operational,,0,0.8,0
1604,5,Injection Molder,Operational,,0,0.83,0
1605,4,Drilling Machine,Operational,,0,0.9,0
1606,2,Robotic Arm,Operational,,0,0.73,0
1607,1,Injection Molder,Operational,,0,0.71,0
1608,5,CNC Machine,Operational,,0,0.94,0
1609,3,Conveyor Belt,Maintenance,Maintenance,4,0.63,2000
1610,3,Laser Cutter,Operational,,0,0.73,0
1611,1,Robotic Arm,Operational,,0,0.89,0
1612,2,Robotic Arm,Operational,,0,0.74,0
1613,4,Laser Cutter,Operational,,0,0.9,0
1614,5,Injection Molder,Maintenance,Failures,3,0.79,1500
1615,2,Drilling Machine,Operational,,0,0.78,0
1616,2,3D Printer,Operational,,0,0.69,0
1617,3,Injection Molder,Operational,,0,0.74,0
1618,4,Injection Molder,Operational,,0,0.84,0
1619,3,Laser Cutter,Operational,,0,0.8,0
1620,4,Packaging Machine,Operational,,0,0.61,0
1621,3,CNC Machine,Operational,,0,0.78,0
1622,4,3D Printer,Operational,,0,0.72,0
1623,4,Drilling Machine,Operational,,0,0.86,0
1624,2,Robotic Arm,Operational,,0,0.8,0
1625,5,Robotic Arm,Repair,Maintenance,4,0.61,2000
1626,1,Laser Cutter,Operational,,0,0.83,0
1627,1,Injection Molder,Operational,,0,0.81,0
1628,2,CNC Machine,Repair,Setup Time,5,0.64,2500
1629,5,Injection Molder,Operational,,0,0.79,0
1630,3,Robotic Arm,Operational,,0,0.87,0
1631,4,Conveyor Belt,Operational,,0,0.83,0
1632,4,Conveyor Belt,Repair,Maintenance,5,0.8,2500
1633,3,Drilling Machine,Operational,,0,0.68,0
1634,2,Laser Cutter,Maintenance,Setup Time,8,0.78,4000
1635,1,Conveyor Belt,Operational,,0,0.75,0
1636,4,Conveyor Belt,Operational,,0,0.84,0
1637,1,Injection Molder,Operational,,0,0.95,0
1638,3,CNC Machine,Operational,,0,0.84,0
1639,3,Robotic Arm,Operational,,0,0.78,0
1640,2,Packaging Machine,Operational,,0,0.8,0
1641,5,Conveyor Belt,Operational,,0,0.66,0
1642,3,Laser Cutter,Idle,Setup Time,0,0.75,0
1643,1,Packaging Machine,Operational,,0,0.73,0
1644,4,Drilling Machine,Operational,,0,0.7,0
1645,4,3D Printer,Maintenance,Setup Time,3,0.79,1500
1646,3,3D Printer,Repair,Setup Time,9,0.68,4500
1647,1,Laser Cutter,Maintenance,Setup Time,2,0.87,1000
1648,3,CNC Machine,Repair,Maintenance,5,0.92,2500
1649,3,Conveyor Belt,Operational,,0,0.78,0
1650,2,3D Printer,Operational,,0,0.78,0
1651,4,Laser Cutter,Operational,,0,0.91,0
1652,2,CNC Machine,Operational,,0,0.89,0
1653,5,3D Printer,Operational,,0,0.82,0
1654,5,CNC Machine,Operational,,0,0.84,0
1655,4,CNC Machine,Maintenance,Setup Time,1,0.69,500
1656,1,3D Printer,Operational,,0,0.93,0
1657,5,CNC Machine,Operational,,0,0.91,0
1658,1,Packaging Machine,Maintenance,Maintenance,4,0.84,2000
1659,5,CNC Machine,Operational,,0,0.92,0
1660,5,Packaging Machine,Operational,,0,0.67,0
1661,5,Injection Molder,Operational,,0,0.93,0
1662,3,Robotic Arm,Operational,,0,0.87,0
1663,3,Laser Cutter,Operational,,0,0.86,0
1664,1,Robotic Arm,Operational,,0,0.72,0
1665,4,Laser Cutter,Maintenance,Maintenance,5,0.62,2500
1666,1,Conveyor Belt,Operational,,0,0.6,0
1667,3,Injection Molder,Operational,,0,0.85,0
1668,1,Drilling Machine,Repair,Failures,10,0.81,5000
1669,5,Packaging Machine,Operational,,0,0.63,0
1670,4,Drilling Machine,Maintenance,Setup Time,7,0.73,3500
1671,3,Laser Cutter,Idle,Failures,0,0.81,0
1672,5,CNC Machine,Operational,,0,0.81,0
1673,4,Laser Cutter,Operational,,0,0.64,0
1674,4,CNC Machine,Idle,Setup Time,0,0.7,0
1675,1,Laser Cutter,Operational,,0,0.63,0
1676,1,Robotic Arm,Operational,,0,0.79,0
1677,4,CNC Machine,Maintenance,Setup Time,2,0.8,1000
1678,4,Laser Cutter,Idle,Failures,0,0.65,0
1679,5,Drilling Machine,Maintenance,Setup Time,10,0.86,5000
1680,4,CNC Machine,Maintenance,Setup Time,7,0.9,3500
1681,3,Robotic Arm,Operational,,0,0.63,0
1682,4,Laser Cutter,Operational,,0,0.62,0
1683,3,CNC Machine,Maintenance,Setup Time,2,0.91,1000
1684,2,Drilling Machine,Maintenance,Setup Time,9,0.83,4500
1685,2,Drilling Machine,Maintenance,Setup Time,2,0.86,1000
1686,5,3D Printer,Maintenance,Setup Time,3,0.9,1500
1687,3,Conveyor Belt,Operational,,0,0.87,0
1688,2,3D Printer,Operational,,0,0.95,0
1689,5,Packaging Machine,Maintenance,Setup Time,4,0.75,2000
1690,2,Drilling Machine,Idle,Failures,0,0.6,0
1691,2,Injection Molder,Operational,,0,0.76,0
1692,3,3D Printer,Operational,,0,0.61,0
1693,4,Packaging Machine,Operational,,0,0.6,0
1694,3,Injection Molder,Operational,,0,0.83,0
1695,3,Injection Molder,Operational,,0,0.84,0
1696,1,3D Printer,Operational,,0,0.76,0
1697,2,3D Printer,Maintenance,Maintenance,7,0.61,3500
1698,3,Drilling Machine,Operational,,0,0.94,0
1699,2,3D Printer,Operational,,0,0.67,0
1700,3,Packaging Machine,Operational,,0,0.85,0
1701,5,Robotic Arm,Operational,,0,0.92,0
1702,3,CNC Machine,Maintenance,Maintenance,7,0.82,3500
1703,1,Injection Molder,Operational,,0,0.63,0
1704,1,Injection Molder,Operational,,0,0.66,0
1705,2,Packaging Machine,Operational,,0,0.81,0
1706,2,Laser Cutter,Operational,,0,0.93,0
1707,1,Conveyor Belt,Operational,,0,0.73,0
1708,2,Drilling Machine,Maintenance,Failures,6,0.64,3000
1709,5,3D Printer,Operational,,0,0.65,0
1710,5,Laser Cutter,Operational,,0,0.62,0
1711,4,3D Printer,Operational,,0,0.69,0
1712,2,CNC Machine,Operational,,0,0.69,0
1713,3,Laser Cutter,Operational,,0,0.63,0
1714,5,Packaging Machine,Operational,,0,0.88,0
1715,2,Laser Cutter,Operational,,0,0.63,0
1716,3,Packaging Machine,Repair,Maintenance,10,0.64,5000
1717,5,Drilling Machine,Operational,,0,0.71,0
1718,4,Robotic Arm,Operational,,0,0.8,0
1719,2,CNC Machine,Operational,,0,0.82,0
1720,5,3D Printer,Maintenance,Setup Time,7,0.61,3500
1721,5,3D Printer,Operational,,0,0.75,0
1722,5,Packaging Machine,Operational,,0,0.63,0
1723,1,3D Printer,Operational,,0,0.88,0
1724,1,Conveyor Belt,Operational,,0,0.73,0
1725,4,Laser Cutter,Operational,,0,0.89,0
1726,3,Injection Molder,Maintenance,Setup Time,3,0.68,1500
1727,1,Packaging Machine,Operational,,0,0.65,0
1728,3,CNC Machine,Operational,,0,0.76,0
1729,1,CNC Machine,Operational,,0,0.87,0
1730,5,Laser Cutter,Idle,Setup Time,0,0.94,0
1731,2,Injection Molder,Operational,,0,0.8,0
1732,1,Laser Cutter,Operational,,0,0.9,0
1733,3,Laser Cutter,Repair,Setup Time,10,0.86,5000
1734,2,Packaging Machine,Operational,,0,0.68,0
1735,1,Laser Cutter,Operational,,0,0.94,0
1736,1,CNC Machine,Operational,,0,0.91,0
1737,2,Conveyor Belt,Operational,,0,0.82,0
1738,2,Drilling Machine,Operational,,0,0.78,0
1739,4,Drilling Machine,Operational,,0,0.72,0
1740,2,Robotic Arm,Operational,,0,0.88,0
1741,4,Conveyor Belt,Operational,,0,0.85,0
1742,4,Drilling Machine,Operational,,0,0.74,0
1743,1,Laser Cutter,Maintenance,Setup Time,1,0.74,500
1744,5,Conveyor Belt,Maintenance,Maintenance,1,0.77,500
1745,1,CNC Machine,Operational,,0,0.81,0
1746,1,CNC Machine,Repair,Setup Time,9,0.67,4500
1747,2,Conveyor Belt,Operational,,0,0.82,0
1748,4,Injection Molder,Maintenance,Maintenance,10,0.92,5000
1749,5,3D Printer,Operational,,0,0.72,0
1750,1,3D Printer,Maintenance,Failures,9,0.87,4500
1751,1,Laser Cutter,Operational,,0,0.67,0
1752,1,Injection Molder,Operational,,0,0.75,0
1753,2,Robotic Arm,Maintenance,Setup Time,2,0.82,1000
1754,4,Robotic Arm,Operational,,0,0.9,0
1755,4,Packaging Machine,Operational,,0,0.79,0
1756,3,Injection Molder,Maintenance,Failures,2,0.64,1000
1757,1,Packaging Machine,Operational,,0,0.92,0
1758,1,Drilling Machine,Operational,,0,0.79,0
1759,5,Robotic Arm,Operational,,0,0.78,0
1760,4,Laser Cutter,Maintenance,Failures,6,0.85,3000
1761,4,Robotic Arm,Operational,,0,0.66,0
1762,4,Packaging Machine,Operational,,0,0.77,0
1763,2,Laser Cutter,Operational,,0,0.77,0
1764,1,CNC Machine,Operational,,0,0.83,0
1765,3,Injection Molder,Operational,,0,0.95,0
1766,1,Robotic Arm,Operational,,0,0.81,0
1767,3,Conveyor Belt,Operational,,0,0.85,0
1768,3,Laser Cutter,Operational,,0,0.61,0
1769,3,Conveyor Belt,Operational,,0,0.7,0
1770,5,Injection Molder,Operational,,0,0.92,0
1771,5,3D Printer,Repair,Maintenance,6,0.86,3000
1772,1,Conveyor Belt,Operational,,0,0.8,0
1773,3,Injection Molder,Maintenance,Setup Time,6,0.91,3000
1774,1,Drilling Machine,Operational,,0,0.7,0
1775,5,Injection Molder,Operational,,0,0.69,0
1776,1,Laser Cutter,Operational,,0,0.89,0
1777,4,Laser Cutter,Maintenance,Maintenance,9,0.66,4500
1778,3,CNC Machine,Operational,,0,0.79,0
1779,5,Laser Cutter,Operational,,0,0.78,0
1780,2,Packaging Machine,Repair,Failures,6,0.78,3000
1781,2,Conveyor Belt,Repair,Failures,2,0.63,1000
1782,4,Drilling Machine,Operational,,0,0.86,0
1783,3,3D Printer,Operational,,0,0.63,0
1784,4,3D Printer,Maintenance,Failures,8,0.75,4000
1785,2,Drilling Machine,Maintenance,Setup Time,6,0.66,3000
1786,2,Conveyor Belt,Operational,,0,0.7,0
1787,1,Robotic Arm,Repair,Setup Time,5,0.94,2500
1788,5,3D Printer,Operational,,0,0.68,0
1789,2,Injection Molder,Operational,,0,0.81,0
1790,2,Conveyor Belt,Operational,,0,0.75,0
1791,4,CNC Machine,Operational,,0,0.83,0
1792,5,Robotic Arm,Operational,,0,0.84,0
1793,5,Packaging Machine,Operational,,0,0.61,0
1794,3,Injection Molder,Operational,,0,0.85,0
1795,2,CNC Machine,Operational,,0,0.93,0
1796,2,Drilling Machine,Operational,,0,0.68,0
1797,2,Injection Molder,Operational,,0,0.89,0
1798,2,Packaging Machine,Operational,,0,0.91,0
1799,3,Packaging Machine,Operational,,0,0.68,0
1800,1,Injection Molder,Maintenance,Failures,8,0.75,4000
1801,1,Robotic Arm,Operational,,0,0.86,0
1802,2,3D Printer,Operational,,0,0.92,0
1803,1,Drilling Machine,Operational,,0,0.86,0
1804,4,Laser Cutter,Maintenance,Maintenance,1,0.72,500
1805,5,Packaging Machine,Operational,,0,0.93,0
1806,1,Conveyor Belt,Operational,,0,0.94,0
1807,4,Laser Cutter,Maintenance,Failures,6,0.94,3000
1808,2,3D Printer,Operational,,0,0.86,0
1809,1,Injection Molder,Repair,Failures,3,0.79,1500
1810,4,CNC Machine,Maintenance,Setup Time,1,0.68,500
1811,4,Robotic Arm,Operational,,0,0.8,0
1812,2,Injection Molder,Operational,,0,0.72,0
1813,4,Conveyor Belt,Operational,,0,0.93,0
1814,2,Conveyor Belt,Operational,,0,0.78,0
1815,4,CNC Machine,Maintenance,Maintenance,5,0.68,2500
1816,1,Drilling Machine,Operational,,0,0.81,0
1817,2,Drilling Machine,Operational,,0,0.8,0
1818,1,Injection Molder,Maintenance,Maintenance,6,0.64,3000
1819,4,Robotic Arm,Maintenance,Setup Time,8,0.86,4000
1820,3,3D Printer,Operational,,0,0.75,0
1821,2,CNC Machine,Operational,,0,0.74,0
1822,1,Drilling Machine,Operational,,0,0.63,0
1823,5,Injection Molder,Operational,,0,0.66,0
1824,5,3D Printer,Operational,,0,0.67,0
1825,3,Robotic Arm,Maintenance,Setup Time,5,0.93,2500
1826,4,Drilling Machine,Operational,,0,0.78,0
1827,2,Conveyor Belt,Maintenance,Setup Time,6,0.81,3000
1828,4,CNC Machine,Maintenance,Maintenance,2,0.83,1000
1829,1,Drilling Machine,Operational,,0,0.93,0
1830,2,Robotic Arm,Operational,,0,0.69,0
1831,3,CNC Machine,Operational,,0,0.63,0
1832,2,Robotic Arm,Operational,,0,0.7,0
1833,3,Injection Molder,Operational,,0,0.81,0
1834,2,Conveyor Belt,Maintenance,Maintenance,5,0.69,2500
1835,3,CNC Machine,Operational,,0,0.69,0
1836,5,Conveyor Belt,Maintenance,Failures,9,0.85,4500
1837,5,Drilling Machine,Operational,,0,0.94,0
1838,1,Laser Cutter,Maintenance,Setup Time,9,0.91,4500
1839,3,Robotic Arm,Operational,,0,0.62,0
1840,3,Robotic Arm,Repair,Setup Time,3,0.88,1500
1841,2,Injection Molder,Operational,,0,0.85,0
1842,5,Conveyor Belt,Maintenance,Setup Time,2,0.67,1000
1843,1,CNC Machine,Maintenance,Failures,7,0.91,3500
1844,1,Laser Cutter,Operational,,0,0.68,0
1845,1,Injection Molder,Repair,Maintenance,10,0.67,5000
1846,5,Robotic Arm,Maintenance,Setup Time,7,0.63,3500
1847,1,Drilling Machine,Maintenance,Maintenance,10,0.66,5000
1848,2,Drilling Machine,Maintenance,Failures,1,0.8,500
1849,3,CNC Machine,Operational,,0,0.86,0
1850,4,Laser Cutter,Operational,,0,0.88,0
1851,3,Laser Cutter,Operational,,0,0.63,0
1852,2,Injection Molder,Operational,,0,0.63,0
1853,2,Conveyor Belt,Maintenance,Failures,6,0.78,3000
1854,3,3D Printer,Operational,,0,0.94,0
1855,1,3D Printer,Maintenance,Setup Time,4,0.93,2000
1856,2,Packaging Machine,Operational,,0,0.95,0
1857,3,Conveyor Belt,Operational,,0,0.62,0
1858,3,Drilling Machine,Operational,,0,0.69,0
1859,3,Packaging Machine,Operational,,0,0.91,0
1860,2,Robotic Arm,Operational,,0,0.76,0
1861,2,Robotic Arm,Operational,,0,0.85,0
1862,5,Packaging Machine,Operational,,0,0.83,0
1863,1,Laser Cutter,Operational,,0,0.86,0
1864,3,3D Printer,Operational,,0,0.9,0
1865,4,3D Printer,Maintenance,Setup Time,1,0.64,500
1866,1,3D Printer,Operational,,0,0.65,0
1867,5,Drilling Machine,Operational,,0,0.7,0
1868,5,CNC Machine,Operational,,0,0.64,0
1869,4,Drilling Machine,Operational,,0,0.93,0
1870,1,3D Printer,Maintenance,Setup Time,9,0.62,4500
1871,4,Laser Cutter,Repair,Setup Time,7,0.71,3500
1872,2,Injection Molder,Repair,Failures,6,0.93,3000
1873,4,CNC Machine,Operational,,0,0.86,0
1874,3,Packaging Machine,Operational,,0,0.94,0
1875,4,Conveyor Belt,Operational,,0,0.79,0
1876,2,CNC Machine,Operational,,0,0.94,0
1877,1,Packaging Machine,Operational,,0,0.85,0
1878,5,Laser Cutter,Operational,,0,0.81,0
1879,2,Conveyor Belt,Operational,,0,0.95,0
1880,3,Injection Molder,Operational,,0,0.77,0
1881,3,CNC Machine,Operational,,0,0.77,0
1882,1,Laser Cutter,Operational,,0,0.74,0
1883,3,Packaging Machine,Operational,,0,0.73,0
1884,3,Robotic Arm,Operational,,0,0.89,0
1885,5,3D Printer,Operational,,0,0.81,0
1886,4,Robotic Arm,Operational,,0,0.78,0
1887,2,CNC Machine,Operational,,0,0.9,0
1888,4,CNC Machine,Operational,,0,0.87,0
1889,4,Robotic Arm,Maintenance,Failures,5,0.68,2500
1890,2,Robotic Arm,Idle,Maintenance,0,0.73,0
1891,1,Laser Cutter,Operational,,0,0.73,0
1892,2,Drilling Machine,Operational,,0,0.71,0
1893,5,Drilling Machine,Operational,,0,0.69,0
1894,1,Packaging Machine,Maintenance,Maintenance,1,0.8,500
1895,1,Packaging Machine,Operational,,0,0.67,0
1896,2,Drilling Machine,Operational,,0,0.87,0
1897,1,Drilling Machine,Operational,,0,0.81,0
1898,4,Laser Cutter,Maintenance,Setup Time,4,0.93,2000
1899,2,Drilling Machine,Operational,,0,0.77,0
1900,2,CNC Machine,Operational,,0,0.73,0
1901,4,Robotic Arm,Operational,,0,0.61,0
1902,1,Conveyor Belt,Operational,,0,0.65,0
1903,5,Drilling Machine,Operational,,0,0.8,0
1904,4,Robotic Arm,Operational,,0,0.73,0
1905,2,Robotic Arm,Operational,,0,0.6,0
1906,2,Drilling Machine,Maintenance,Failures,1,0.61,500
1907,2,Robotic Arm,Operational,,0,0.91,0
1908,1,Robotic Arm,Operational,,0,0.68,0
1909,5,Robotic Arm,Operational,,0,0.86,0
1910,5,Drilling Machine,Operational,,0,0.85,0
1911,4,Conveyor Belt,Operational,,0,0.8,0
1912,3,Injection Molder,Operational,,0,0.79,0
1913,5,Laser Cutter,Operational,,0,0.88,0
1914,4,Robotic Arm,Operational,,0,0.89,0
1915,3,Conveyor Belt,Operational,,0,0.84,0
1916,2,Robotic Arm,Operational,,0,0.82,0
1917,2,Conveyor Belt,Operational,,0,0.72,0
1918,5,Injection Molder,Operational,,0,0.69,0
1919,5,Laser Cutter,Operational,,0,0.76,0
1920,4,Drilling Machine,Maintenance,Failures,1,0.6,500
1921,3,Injection Molder,Operational,,0,0.63,0
1922,3,CNC Machine,Operational,,0,0.89,0
1923,5,3D Printer,Operational,,0,0.65,0
1924,5,CNC Machine,Operational,,0,0.91,0
1925,4,Conveyor Belt,Operational,,0,0.73,0
1926,4,CNC Machine,Operational,,0,0.71,0
1927,1,CNC Machine,Maintenance,Setup Time,10,0.67,5000
1928,4,CNC Machine,Operational,,0,0.94,0
1929,5,3D Printer,Operational,,0,0.75,0
1930,1,CNC Machine,Repair,Setup Time,9,0.61,4500
1931,1,Robotic Arm,Operational,,0,0.81,0
1932,5,Conveyor Belt,Repair,Setup Time,10,0.83,5000
1933,5,Drilling Machine,Operational,,0,0.72,0
1934,1,Drilling Machine,Operational,,0,0.9,0
1935,2,Laser Cutter,Operational,,0,0.88,0
1936,3,Conveyor Belt,Operational,,0,0.94,0
1937,2,Drilling Machine,Operational,,0,0.78,0
1938,5,Laser Cutter,Operational,,0,0.62,0
1939,1,Robotic Arm,Maintenance,Setup Time,4,0.95,2000
1940,5,CNC Machine,Maintenance,Failures,1,0.69,500
1941,4,Packaging Machine,Operational,,0,0.92,0
1942,4,3D Printer,Operational,,0,0.82,0
1943,5,Injection Molder,Operational,,0,0.92,0
1944,4,Robotic Arm,Operational,,0,0.68,0
1945,2,Packaging Machine,Maintenance,Setup Time,8,0.81,4000
1946,3,Packaging Machine,Operational,,0,0.76,0
1947,5,Robotic Arm,Maintenance,Failures,10,0.95,5000
1948,4,Injection Molder,Operational,,0,0.86,0
1949,2,3D Printer,Operational,,0,0.73,0
1950,4,3D Printer,Operational,,0,0.82,0
1951,5,3D Printer,Operational,,0,0.83,0
1952,4,Packaging Machine,Operational,,0,0.6,0
1953,5,Robotic Arm,Operational,,0,0.9,0
1954,2,Robotic Arm,Operational,,0,0.87,0
1955,2,Robotic Arm,Operational,,0,0.6,0
1956,4,3D Printer,Operational,,0,0.77,0
1957,5,Conveyor Belt,Maintenance,Setup Time,4,0.61,2000
1958,1,Robotic Arm,Maintenance,Failures,10,0.82,5000
1959,4,Drilling Machine,Operational,,0,0.9,0
1960,3,Injection Molder,Repair,Setup Time,7,0.78,3500
1961,3,Robotic Arm,Operational,,0,0.69,0
1962,5,Injection Molder,Repair,Setup Time,10,0.83,5000
1963,4,Laser Cutter,Operational,,0,0.77,0
1964,4,Robotic Arm,Operational,,0,0.78,0
1965,2,Packaging Machine,Maintenance,Setup Time,2,0.62,1000
1966,5,Robotic Arm,Operational,,0,0.79,0
1967,3,Drilling Machine,Maintenance,Failures,5,0.69,2500
1968,4,Drilling Machine,Operational,,0,0.68,0
1969,2,Robotic Arm,Operational,,0,0.66,0
1970,3,Robotic Arm,Operational,,0,0.84,0
1971,4,Conveyor Belt,Operational,,0,0.76,0
1972,1,Packaging Machine,Maintenance,Failures,2,0.83,1000
1973,5,Packaging Machine,Maintenance,Maintenance,10,0.88,5000
1974,5,CNC Machine,Maintenance,Setup Time,7,0.91,3500
1975,1,Robotic Arm,Maintenance,Setup Time,9,0.64,4500
1976,3,Laser Cutter,Operational,,0,0.85,0
1977,4,3D Printer,Operational,,0,0.81,0
1978,5,Conveyor Belt,Operational,,0,0.81,0
1979,5,Injection Molder,Operational,,0,0.79,0
1980,5,CNC Machine,Operational,,0,0.94,0
1981,4,3D Printer,Operational,,0,0.85,0
1982,5,Robotic Arm,Maintenance,Setup Time,5,0.68,2500
1983,5,Conveyor Belt,Maintenance,Setup Time,3,0.74,1500
1984,3,Drilling Machine,Operational,,0,0.65,0
1985,4,3D Printer,Operational,,0,0.71,0
1986,2,CNC Machine,Maintenance,Failures,8,0.73,4000
1987,5,3D Printer,Maintenance,Setup Time,3,0.86,1500
1988,5,Drilling Machine,Operational,,0,0.83,0
1989,1,CNC Machine,Operational,,0,0.82,0
1990,4,Robotic Arm,Operational,,0,0.88,0
1991,4,3D Printer,Maintenance,Setup Time,8,0.91,4000
1992,2,Injection Molder,Operational,,0,0.66,0
1993,1,Laser Cutter,Operational,,0,0.83,0
1994,1,Packaging Machine,Operational,,0,0.63,0
1995,4,Injection Molder,Maintenance,Failures,2,0.88,1000
1996,5,Robotic Arm,Operational,,0,0.75,0
1997,5,Conveyor Belt,Operational,,0,0.79,0
1998,2,Injection Molder,Operational,,0,0.64,0
1999,2,Drilling Machine,Operational,,0,0.91,0
2000,1,3D Printer,Operational,,0,0.66,0
