ResourceID,LineID,Type,Name,PlannedUsage,ActualUsage,Cost
1,2,Material,Wood,100.54,90.9,909.0
2,5,Labor,Supervisor,7.03,6.61,165.25
3,3,Energy,Diesel,243.63,223.18,33.48
4,5,Labor,Engineer,5.39,5.48,137.0
5,5,Energy,Wind Power,264.22,251.34,37.7
6,3,Material,Wood,161.68,148.35,1483.5
7,4,Labor,Technician,5.28,5.48,137.0
8,5,Labor,Technician,9.64,9.48,237.0
9,5,Energy,Wind Power,464.73,505.6,75.84
10,1,Energy,Wind Power,190.0,188.03,28.2
11,2,Material,Plastic,58.22,57.93,579.3
12,3,Energy,Diesel,122.63,132.83,19.92
13,2,Labor,Operator,1.86,1.73,43.25
14,4,Material,Copper,79.22,81.91,819.1
15,5,Energy,Wind Power,257.31,251.82,37.77
16,2,Material,Steel,155.12,152.37,1523.7
17,3,Labor,Engineer,7.65,7.65,191.25
18,5,Material,Plastic,137.73,141.33,1413.3
19,5,Labor,Engineer,9.09,9.7,242.5
20,3,Material,Wood,64.25,63.64,636.4
21,3,Material,Rubber,100.45,96.7,967.0
22,3,Energy,Diesel,316.69,318.15,47.72
23,2,Labor,Engineer,4.81,4.58,114.5
24,3,Labor,Technician,3.06,3.22,80.5
25,3,Energy,Natural Gas,373.61,391.17,58.68
26,5,Labor,Operator,3.05,3.02,75.5
27,5,Labor,Manager,6.33,6.15,153.75
28,2,Material,Copper,104.26,98.66,986.6
29,4,Labor,Supervisor,9.04,8.46,211.5
30,5,Labor,Manager,1.81,1.74,43.5
31,4,Material,Aluminum,89.63,85.32,853.2
32,1,Energy,Electricity,159.06,149.05,22.36
33,4,Material,Aluminum,127.46,136.1,1361.0
34,2,Material,Aluminum,97.75,92.72,927.2
35,2,Material,Steel,179.57,190.0,1900.0
36,5,Energy,Wind Power,116.1,107.32,16.1
37,4,Energy,Solar Power,161.18,171.78,25.77
38,3,Material,Rubber,156.5,143.46,1434.6
39,3,Material,Rubber,88.31,85.93,859.3
40,3,Labor,Technician,10.0,10.6,265.0
41,4,Energy,Wind Power,106.68,102.58,15.39
42,5,Energy,Wind Power,344.82,324.43,48.66
43,3,Labor,Technician,4.29,4.33,108.25
44,1,Material,Steel,115.79,111.96,1119.6
45,2,Energy,Natural Gas,314.89,304.6,45.69
46,2,Labor,Technician,7.04,7.65,191.25
47,4,Energy,Diesel,379.55,376.78,56.52
48,4,Labor,Engineer,8.05,7.58,189.5
49,2,Energy,Electricity,141.65,147.12,22.07
50,2,Labor,Engineer,3.8,3.42,85.5
51,2,Energy,Solar Power,296.76,302.38,45.36
52,4,Material,Rubber,152.08,148.14,1481.4
53,1,Labor,Manager,3.11,2.87,71.75
54,2,Material,Plastic,81.88,77.75,777.5
55,2,Energy,Solar Power,247.89,254.43,38.16
56,3,Labor,Operator,7.37,7.28,182.0
57,4,Material,Copper,129.96,133.29,1332.9
58,4,Labor,Engineer,3.48,3.16,79.0
59,1,Energy,Natural Gas,227.75,231.76,34.76
60,2,Energy,Electricity,183.76,173.09,25.96
61,2,Material,Copper,123.43,117.8,1178.0
62,3,Labor,Manager,1.62,1.75,43.75
63,5,Material,Steel,104.39,102.02,1020.2
64,1,Labor,Operator,8.29,8.82,220.5
65,4,Labor,Technician,6.79,6.83,170.75
66,3,Material,Steel,183.72,175.9,1759.0
67,1,Material,Rubber,178.71,168.59,1685.9
68,4,Labor,Technician,9.19,9.58,239.5
69,3,Labor,Operator,3.2,3.33,83.25
70,3,Material,Copper,190.58,203.3,2033.0
71,5,Labor,Supervisor,3.29,3.13,78.25
72,5,Energy,Wind Power,233.46,237.84,35.68
73,2,Labor,Engineer,3.44,3.55,88.75
74,5,Material,Steel,102.28,111.75,1117.5
75,4,Labor,Engineer,7.98,7.61,190.25
76,1,Material,Steel,79.65,85.91,859.1
77,3,Labor,Operator,2.06,2.0,50.0
78,1,Energy,Natural Gas,459.8,414.63,62.19
79,4,Labor,Engineer,7.83,7.05,176.25
80,2,Energy,Solar Power,446.73,450.43,67.56
81,4,Material,Steel,63.84,64.83,648.3
82,3,Material,Copper,140.92,146.01,1460.1
83,5,Energy,Natural Gas,484.42,469.82,70.47
84,2,Energy,Diesel,400.54,368.1,55.22
85,1,Energy,Solar Power,438.73,449.38,67.41
86,3,Energy,Wind Power,290.44,306.64,46.0
87,4,Material,Aluminum,114.72,114.63,1146.3
88,1,Material,Plastic,110.49,111.49,1114.9
89,1,Labor,Engineer,2.74,2.67,66.75
90,3,Energy,Electricity,109.11,118.2,17.73
91,5,Energy,Wind Power,313.82,342.18,51.33
92,5,Material,Wood,113.56,106.74,1067.4
93,1,Material,Plastic,102.0,103.37,1033.7
94,5,Material,Rubber,168.2,179.84,1798.4
95,5,Labor,Operator,4.79,4.69,117.25
96,3,Labor,Manager,2.85,2.69,67.25
97,2,Labor,Technician,9.24,10.13,253.25
98,1,Energy,Solar Power,186.06,187.17,28.08
99,5,Labor,Supervisor,9.02,8.23,205.75
100,1,Labor,Operator,7.19,7.21,180.25
101,2,Labor,Technician,8.67,7.96,199.0
102,3,Energy,Electricity,455.39,446.11,66.92
103,4,Material,Copper,59.69,63.78,637.8
104,2,Material,Plastic,101.14,97.53,975.3
105,3,Material,Steel,197.54,195.87,1958.7
106,1,Labor,Technician,2.65,2.48,62.0
107,5,Material,Aluminum,171.6,160.66,1606.6
108,5,Labor,Engineer,6.76,7.35,183.75
109,1,Energy,Electricity,127.45,122.3,18.34
110,5,Labor,Engineer,4.62,4.61,115.25
111,3,Energy,Natural Gas,200.97,184.11,27.62
112,1,Labor,Engineer,9.51,9.16,229.0
113,5,Material,Copper,51.94,52.27,522.7
114,2,Material,Steel,174.1,181.44,1814.4
115,4,Energy,Diesel,206.22,219.7,32.95
116,3,Material,Aluminum,90.63,88.57,885.7
117,4,Labor,Operator,2.38,2.53,63.25
118,2,Labor,Operator,7.18,7.89,197.25
119,2,Material,Steel,197.66,185.96,1859.6
120,3,Material,Aluminum,68.03,63.72,637.2
121,2,Material,Steel,74.57,79.85,798.5
122,5,Material,Wood,165.69,165.55,1655.5
123,1,Labor,Manager,9.89,9.83,245.75
124,5,Energy,Wind Power,100.97,92.62,13.89
125,1,Energy,Wind Power,271.82,276.1,41.41
126,5,Labor,Operator,8.44,9.17,229.25
127,3,Energy,Natural Gas,110.03,103.44,15.52
128,4,Labor,Technician,3.63,3.44,86.0
129,2,Energy,Diesel,422.1,408.85,61.33
130,5,Labor,Technician,4.65,4.96,124.0
131,5,Energy,Electricity,304.56,280.69,42.1
132,3,Energy,Electricity,176.25,160.88,24.13
133,2,Material,Plastic,133.14,121.1,1211.0
134,3,Material,Plastic,105.4,98.05,980.5
135,4,Labor,Manager,1.26,1.22,30.5
136,1,Energy,Electricity,267.36,269.46,40.42
137,5,Material,Plastic,86.16,80.73,807.3
138,2,Material,Wood,125.83,138.34,1383.4
139,2,Labor,Technician,9.08,8.34,208.5
140,5,Material,Plastic,80.04,84.57,845.7
141,2,Energy,Solar Power,101.53,99.72,14.96
142,4,Material,Rubber,68.35,68.38,683.8
143,1,Labor,Technician,4.83,5.1,127.5
144,2,Labor,Operator,6.41,6.41,160.25
145,2,Energy,Solar Power,175.96,174.88,26.23
146,2,Energy,Solar Power,124.93,128.4,19.26
147,4,Energy,Solar Power,492.91,462.59,69.39
148,2,Labor,Technician,6.39,6.55,163.75
149,3,Material,Aluminum,115.36,114.6,1146.0
150,1,Material,Copper,151.81,154.6,1546.0
151,5,Energy,Natural Gas,139.6,141.48,21.22
152,5,Material,Aluminum,76.45,71.35,713.5
153,3,Material,Rubber,67.62,61.5,615.0
154,4,Energy,Electricity,288.84,290.93,43.64
155,5,Material,Steel,164.67,168.62,1686.2
156,2,Labor,Engineer,5.07,4.72,118.0
157,3,Labor,Supervisor,3.13,3.19,79.75
158,1,Labor,Operator,3.36,3.38,84.5
159,1,Labor,Operator,1.82,1.65,41.25
160,4,Energy,Electricity,197.84,204.04,30.61
161,5,Material,Copper,109.74,112.44,1124.4
162,1,Labor,Manager,9.85,10.34,258.5
163,5,Energy,Natural Gas,119.33,122.56,18.38
164,3,Labor,Manager,2.17,2.34,58.5
165,4,Labor,Manager,4.13,3.8,95.0
166,1,Material,Wood,96.87,90.39,903.9
167,2,Material,Steel,100.04,100.9,1009.0
168,5,Material,Plastic,131.98,136.41,1364.1
169,5,Energy,Natural Gas,364.03,399.22,59.88
170,1,Material,Plastic,121.67,110.68,1106.8
171,4,Material,Rubber,138.8,133.86,1338.6
172,5,Labor,Technician,8.43,9.15,228.75
173,5,Energy,Electricity,302.48,320.79,48.12
174,3,Labor,Manager,1.02,0.99,24.75
175,3,Labor,Manager,4.88,5.13,128.25
176,3,Energy,Electricity,364.52,376.38,56.46
177,1,Labor,Operator,7.7,7.85,196.25
178,3,Labor,Operator,5.19,4.86,121.5
179,1,Material,Rubber,75.3,69.44,694.4
180,3,Energy,Solar Power,122.63,130.2,19.53
181,5,Energy,Diesel,482.44,518.53,77.78
182,3,Material,Steel,83.66,81.46,814.6
183,1,Material,Copper,98.73,94.14,941.4
184,5,Labor,Operator,2.61,2.81,70.25
185,3,Labor,Technician,4.23,4.61,115.25
186,2,Labor,Manager,1.83,1.74,43.5
187,2,Labor,Technician,5.45,5.19,129.75
188,4,Labor,Operator,7.32,7.66,191.5
189,1,Material,Wood,188.96,181.51,1815.1
190,5,Material,Copper,93.52,94.82,948.2
191,1,Labor,Operator,1.57,1.49,37.25
192,1,Energy,Natural Gas,246.75,230.67,34.6
193,5,Material,Rubber,148.23,152.62,1526.2
194,5,Material,Steel,91.14,92.4,924.0
195,3,Material,Rubber,151.3,164.74,1647.4
196,1,Labor,Manager,3.74,4.11,102.75
197,3,Labor,Operator,3.97,4.03,100.75
198,1,Labor,Engineer,1.13,1.2,30.0
199,3,Material,Copper,129.8,138.24,1382.4
200,3,Labor,Technician,9.05,9.19,229.75
201,2,Energy,Solar Power,236.18,225.67,33.85
202,2,Energy,Diesel,380.34,369.53,55.43
203,1,Material,Rubber,162.57,152.75,1527.5
204,2,Energy,Solar Power,279.95,305.87,45.88
205,5,Material,Rubber,84.34,77.22,772.2
206,5,Energy,Wind Power,392.84,366.81,55.02
207,5,Energy,Solar Power,327.36,331.33,49.7
208,4,Energy,Wind Power,382.18,391.55,58.73
209,3,Material,Rubber,153.23,146.45,1464.5
210,1,Material,Copper,125.71,119.67,1196.7
211,3,Material,Wood,183.09,187.91,1879.1
212,5,Energy,Solar Power,274.61,274.81,41.22
213,2,Energy,Electricity,413.76,414.53,62.18
214,5,Material,Wood,135.16,137.56,1375.6
215,1,Labor,Engineer,5.1,5.55,138.75
216,1,Energy,Diesel,267.09,284.25,42.64
217,1,Material,Aluminum,174.92,182.5,1825.0
218,2,Energy,Diesel,282.67,307.43,46.11
219,5,Energy,Natural Gas,107.78,117.57,17.64
220,2,Material,Wood,66.72,69.15,691.5
221,4,Labor,Engineer,4.5,4.52,113.0
222,5,Energy,Electricity,464.3,443.57,66.54
223,4,Material,Rubber,89.29,87.73,877.3
224,5,Material,Aluminum,86.26,79.72,797.2
225,5,Material,Plastic,79.12,80.26,802.6
226,3,Energy,Wind Power,392.35,378.39,56.76
227,4,Labor,Technician,2.98,2.72,68.0
228,5,Material,Aluminum,75.62,71.74,717.4
229,3,Energy,Diesel,118.42,122.8,18.42
230,4,Material,Plastic,148.59,156.77,1567.7
231,3,Energy,Natural Gas,300.61,321.68,48.25
232,2,Labor,Engineer,2.21,2.38,59.5
233,1,Labor,Engineer,1.37,1.46,36.5
234,1,Labor,Engineer,8.44,8.76,219.0
235,2,Energy,Natural Gas,372.0,404.34,60.65
236,1,Material,Plastic,80.17,80.79,807.9
237,4,Energy,Natural Gas,308.65,329.28,49.39
238,2,Energy,Natural Gas,495.71,485.3,72.8
239,5,Material,Copper,179.59,186.59,1865.9
240,2,Material,Copper,68.64,71.58,715.8
241,3,Labor,Operator,8.73,8.59,214.75
242,1,Material,Copper,136.1,123.88,1238.8
243,4,Energy,Natural Gas,332.6,346.26,51.94
244,5,Material,Wood,90.81,88.4,884.0
245,4,Labor,Supervisor,2.98,3.09,77.25
246,3,Energy,Diesel,361.39,364.77,54.72
247,4,Labor,Supervisor,2.58,2.4,60.0
248,5,Energy,Diesel,310.21,299.02,44.85
249,4,Energy,Solar Power,469.34,437.9,65.68
250,5,Material,Wood,103.03,100.71,1007.1
251,2,Labor,Manager,7.7,7.87,196.75
252,4,Material,Copper,105.46,98.69,986.9
253,2,Energy,Electricity,371.12,377.33,56.6
254,5,Labor,Supervisor,5.76,5.31,132.75
255,5,Energy,Diesel,375.43,355.8,53.37
256,3,Energy,Wind Power,113.34,104.63,15.69
257,4,Energy,Solar Power,283.17,277.52,41.63
258,1,Labor,Supervisor,7.96,8.0,200.0
259,3,Labor,Supervisor,3.81,4.08,102.0
260,4,Material,Plastic,55.37,58.64,586.4
261,5,Energy,Natural Gas,146.6,136.35,20.45
262,3,Energy,Wind Power,281.86,309.75,46.46
263,3,Labor,Technician,7.25,7.54,188.5
264,5,Energy,Wind Power,256.14,261.39,39.21
265,5,Energy,Electricity,171.1,167.47,25.12
266,1,Energy,Electricity,153.1,159.08,23.86
267,5,Labor,Technician,9.24,8.83,220.75
268,5,Labor,Manager,3.0,3.03,75.75
269,3,Labor,Engineer,9.6,8.99,224.75
270,2,Energy,Natural Gas,276.8,290.85,43.63
271,4,Material,Copper,61.58,56.07,560.7
272,3,Material,Rubber,78.13,85.01,850.1
273,1,Labor,Operator,8.82,8.48,212.0
274,4,Labor,Supervisor,3.48,3.7,92.5
275,2,Labor,Supervisor,7.23,7.15,178.75
276,5,Labor,Supervisor,3.97,4.31,107.75
277,4,Energy,Solar Power,181.0,197.99,29.7
278,5,Material,Aluminum,66.48,64.56,645.6
279,2,Material,Plastic,87.33,86.95,869.5
280,4,Material,Plastic,65.48,66.5,665.0
281,4,Energy,Natural Gas,184.49,181.73,27.26
282,5,Energy,Natural Gas,254.44,248.07,37.21
283,3,Material,Plastic,134.29,125.3,1253.0
284,5,Energy,Diesel,479.63,462.14,69.32
285,2,Material,Aluminum,199.03,206.57,2065.7
286,2,Energy,Electricity,215.19,216.87,32.53
287,2,Labor,Engineer,4.6,4.85,121.25
288,4,Energy,Solar Power,102.97,107.5,16.12
289,5,Material,Copper,127.17,121.37,1213.7
290,2,Energy,Diesel,348.66,316.41,47.46
291,3,Energy,Wind Power,247.42,243.01,36.45
292,5,Energy,Natural Gas,232.95,212.39,31.86
293,5,Material,Wood,107.87,99.59,995.9
294,2,Energy,Electricity,218.6,228.28,34.24
295,4,Energy,Diesel,146.38,157.12,23.57
296,5,Labor,Engineer,2.31,2.23,55.75
297,2,Material,Wood,87.82,86.48,864.8
298,5,Energy,Wind Power,384.82,399.11,59.87
299,5,Energy,Solar Power,272.97,263.1,39.47
300,5,Energy,Diesel,179.06,181.76,27.26
301,5,Energy,Wind Power,415.83,419.58,62.94
302,4,Labor,Supervisor,8.68,7.82,195.5
303,4,Energy,Diesel,404.48,422.88,63.43
304,1,Energy,Natural Gas,292.32,309.09,46.36
305,2,Material,Steel,77.4,84.96,849.6
306,5,Material,Rubber,122.45,123.75,1237.5
307,4,Material,Aluminum,143.26,137.87,1378.7
308,4,Material,Steel,97.91,95.28,952.8
309,4,Material,Wood,104.19,100.65,1006.5
310,5,Energy,Natural Gas,147.56,152.79,22.92
311,1,Energy,Solar Power,210.55,220.85,33.13
312,5,Energy,Natural Gas,384.17,371.23,55.68
313,2,Material,Wood,174.79,188.28,1882.8
314,5,Energy,Natural Gas,211.12,228.43,34.26
315,3,Labor,Engineer,8.91,8.07,201.75
316,2,Material,Copper,72.78,77.59,775.9
317,1,Labor,Manager,1.35,1.24,31.0
318,3,Energy,Diesel,358.83,347.19,52.08
319,4,Energy,Natural Gas,134.04,132.63,19.89
320,1,Material,Copper,113.36,122.25,1222.5
321,2,Material,Aluminum,175.56,187.87,1878.7
322,5,Labor,Manager,8.59,9.11,227.75
323,2,Energy,Solar Power,296.53,276.79,41.52
324,3,Labor,Operator,1.62,1.74,43.5
325,4,Material,Wood,115.22,116.52,1165.2
326,4,Labor,Supervisor,7.46,7.37,184.25
327,1,Material,Rubber,78.85,75.03,750.3
328,2,Material,Plastic,159.72,151.5,1515.0
329,5,Labor,Technician,4.9,4.43,110.75
330,2,Labor,Manager,5.76,5.55,138.75
331,3,Labor,Supervisor,2.67,2.9,72.5
332,5,Labor,Engineer,4.16,4.33,108.25
333,4,Material,Plastic,175.47,170.43,1704.3
334,4,Labor,Operator,7.81,7.79,194.75
335,3,Material,Rubber,101.16,111.11,1111.1
336,3,Labor,Manager,8.61,7.97,199.25
337,4,Labor,Manager,8.25,7.91,197.75
338,2,Labor,Operator,9.98,10.13,253.25
339,3,Labor,Engineer,8.02,7.73,193.25
340,3,Material,Copper,106.23,101.41,1014.1
341,4,Energy,Electricity,298.08,326.21,48.93
342,5,Labor,Operator,2.88,2.62,65.5
343,1,Energy,Electricity,137.47,131.97,19.8
344,1,Material,Copper,167.67,168.91,1689.1
345,3,Material,Rubber,160.62,172.3,1723.0
346,4,Energy,Solar Power,233.62,242.11,36.32
347,4,Energy,Solar Power,438.35,470.32,70.55
348,1,Labor,Engineer,2.0,1.95,48.75
349,4,Material,Plastic,55.11,50.12,501.2
350,4,Energy,Solar Power,257.05,238.9,35.84
351,5,Material,Wood,113.9,110.61,1106.1
352,3,Labor,Supervisor,5.53,5.07,126.75
353,4,Labor,Supervisor,6.27,5.93,148.25
354,3,Energy,Natural Gas,287.28,288.98,43.35
355,2,Material,Wood,198.41,210.26,2102.6
356,1,Material,Rubber,140.04,141.38,1413.8
357,2,Energy,Wind Power,102.79,111.87,16.78
358,4,Labor,Manager,6.63,5.98,149.5
359,4,Energy,Natural Gas,368.1,351.08,52.66
360,5,Material,Copper,121.22,126.14,1261.4
361,1,Energy,Diesel,316.64,347.73,52.16
362,3,Material,Aluminum,156.78,157.58,1575.8
363,1,Energy,Wind Power,268.27,258.0,38.7
364,5,Material,Rubber,147.94,136.13,1361.3
365,5,Labor,Technician,3.99,3.65,91.25
366,2,Labor,Supervisor,1.67,1.51,37.75
367,5,Energy,Electricity,108.5,103.55,15.53
368,2,Material,Steel,114.57,108.46,1084.6
369,2,Energy,Electricity,342.64,364.5,54.67
370,4,Material,Steel,58.97,61.34,613.4
371,3,Material,Steel,157.39,147.63,1476.3
372,4,Material,Copper,135.22,140.69,1406.9
373,3,Labor,Technician,2.08,2.06,51.5
374,2,Energy,Diesel,419.85,424.18,63.63
375,4,Energy,Electricity,116.45,121.07,18.16
376,5,Energy,Electricity,261.94,267.82,40.17
377,4,Energy,Wind Power,432.85,401.24,60.19
378,3,Labor,Operator,3.27,3.48,87.0
379,3,Energy,Diesel,139.54,138.69,20.8
380,5,Energy,Wind Power,315.49,343.25,51.49
381,5,Energy,Solar Power,297.28,282.4,42.36
382,3,Energy,Solar Power,256.87,273.44,41.02
383,3,Material,Steel,154.75,159.15,1591.5
384,1,Labor,Supervisor,4.6,4.79,119.75
385,4,Material,Plastic,128.36,134.2,1342.0
386,2,Labor,Supervisor,4.97,5.26,131.5
387,5,Material,Wood,174.95,191.6,1916.0
388,2,Material,Wood,176.53,175.17,1751.7
389,5,Energy,Wind Power,154.46,158.07,23.71
390,5,Material,Rubber,194.32,179.85,1798.5
391,4,Labor,Supervisor,7.57,7.37,184.25
392,3,Energy,Electricity,498.4,468.77,70.32
393,2,Material,Plastic,82.95,79.85,798.5
394,4,Material,Wood,74.15,75.33,753.3
395,3,Material,Rubber,81.25,88.23,882.3
396,1,Energy,Electricity,103.57,95.26,14.29
397,5,Material,Aluminum,161.64,164.05,1640.5
398,4,Labor,Engineer,5.8,6.04,151.0
399,4,Labor,Technician,4.78,4.58,114.5
400,5,Energy,Natural Gas,273.46,284.05,42.61
401,2,Energy,Electricity,457.08,444.35,66.65
402,5,Labor,Supervisor,4.43,4.8,120.0
403,1,Labor,Supervisor,9.76,10.44,261.0
404,3,Material,Plastic,59.47,58.52,585.2
405,3,Labor,Engineer,1.87,1.84,46.0
406,2,Energy,Solar Power,280.99,307.06,46.06
407,3,Labor,Operator,9.08,8.46,211.5
408,3,Labor,Engineer,2.52,2.48,62.0
409,5,Labor,Technician,2.08,2.07,51.75
410,1,Material,Wood,63.95,59.57,595.7
411,1,Energy,Electricity,284.72,308.37,46.26
412,3,Labor,Engineer,6.38,6.99,174.75
413,1,Energy,Diesel,209.25,195.8,29.37
414,4,Energy,Electricity,483.24,478.74,71.81
415,3,Labor,Technician,8.56,9.2,230.0
416,5,Labor,Supervisor,1.49,1.49,37.25
417,2,Labor,Manager,8.16,7.47,186.75
418,3,Labor,Technician,9.93,10.16,254.0
419,5,Energy,Diesel,398.62,436.99,65.55
420,4,Energy,Solar Power,325.21,311.43,46.71
421,5,Energy,Solar Power,216.21,229.78,34.47
422,3,Energy,Electricity,295.75,317.54,47.63
423,1,Material,Wood,89.99,86.57,865.7
424,2,Labor,Engineer,3.58,3.9,97.5
425,3,Labor,Engineer,7.33,6.68,167.0
426,3,Material,Wood,138.68,134.32,1343.2
427,1,Energy,Diesel,139.05,133.63,20.04
428,3,Labor,Manager,4.72,4.78,119.5
429,3,Energy,Solar Power,375.06,348.33,52.25
430,4,Energy,Natural Gas,122.53,122.71,18.41
431,2,Labor,Supervisor,7.14,6.81,170.25
432,5,Labor,Manager,9.5,8.92,223.0
433,4,Labor,Supervisor,8.73,8.85,221.25
434,2,Energy,Diesel,141.94,131.54,19.73
435,1,Material,Plastic,87.74,86.22,862.2
436,1,Material,Plastic,84.13,77.0,770.0
437,3,Material,Aluminum,162.32,177.14,1771.4
438,3,Energy,Natural Gas,170.2,174.45,26.17
439,2,Labor,Technician,7.87,7.31,182.75
440,3,Material,Plastic,90.19,88.1,881.0
441,4,Material,Rubber,183.07,191.02,1910.2
442,2,Labor,Technician,1.13,1.04,26.0
443,2,Labor,Manager,7.45,7.87,196.75
444,4,Material,Copper,193.12,195.13,1951.3
445,3,Labor,Technician,6.63,6.68,167.0
446,4,Labor,Engineer,5.97,5.8,145.0
447,5,Material,Aluminum,142.16,144.49,1444.9
448,5,Labor,Operator,7.23,7.9,197.5
449,4,Labor,Engineer,2.45,2.36,59.0
450,5,Material,Plastic,104.77,99.98,999.8
451,4,Energy,Natural Gas,190.81,188.67,28.3
452,2,Material,Copper,158.52,155.82,1558.2
453,3,Material,Steel,107.27,117.3,1173.0
454,3,Material,Rubber,57.18,57.45,574.5
455,1,Material,Rubber,144.15,146.89,1468.9
456,3,Labor,Manager,5.03,5.25,131.25
457,2,Energy,Wind Power,399.39,369.11,55.37
458,4,Labor,Technician,2.91,2.78,69.5
459,2,Material,Steel,109.85,120.75,1207.5
460,3,Energy,Wind Power,263.82,274.19,41.13
461,4,Labor,Manager,7.14,7.45,186.25
462,2,Energy,Solar Power,163.91,164.74,24.71
463,1,Energy,Natural Gas,487.86,446.74,67.01
464,3,Material,Copper,133.65,128.81,1288.1
465,2,Labor,Supervisor,4.06,4.23,105.75
466,4,Energy,Solar Power,264.4,252.63,37.89
467,3,Labor,Technician,3.99,4.05,101.25
468,4,Labor,Engineer,9.76,9.54,238.5
469,5,Energy,Diesel,346.23,375.95,56.39
470,4,Labor,Engineer,5.27,4.82,120.5
471,5,Labor,Supervisor,7.01,7.31,182.75
472,1,Material,Plastic,156.57,168.84,1688.4
473,2,Material,Rubber,108.66,108.89,1088.9
474,1,Material,Rubber,107.26,99.38,993.8
475,3,Labor,Engineer,3.38,3.46,86.5
476,5,Labor,Manager,7.84,7.22,180.5
477,4,Labor,Supervisor,9.37,10.21,255.25
478,5,Labor,Operator,4.66,4.6,115.0
479,3,Material,Wood,57.52,61.11,611.1
480,4,Material,Rubber,61.07,56.23,562.3
481,1,Material,Copper,195.92,201.27,2012.7
482,2,Labor,Operator,6.03,6.56,164.0
483,4,Material,Plastic,120.23,110.63,1106.3
484,1,Energy,Solar Power,259.61,255.87,38.38
485,2,Energy,Solar Power,482.2,478.78,71.82
486,3,Labor,Supervisor,9.27,8.64,216.0
487,5,Labor,Supervisor,1.32,1.23,30.75
488,5,Energy,Diesel,483.26,471.32,70.7
489,2,Energy,Solar Power,391.64,406.82,61.02
490,5,Material,Aluminum,104.76,105.34,1053.4
491,2,Energy,Solar Power,157.39,153.05,22.96
492,3,Labor,Supervisor,4.92,5.0,125.0
493,5,Material,Steel,129.46,138.09,1380.9
494,3,Energy,Electricity,232.49,226.21,33.93
495,2,Energy,Solar Power,344.31,353.75,53.06
496,1,Energy,Solar Power,127.24,118.38,17.76
497,5,Energy,Electricity,383.73,402.96,60.44
498,5,Labor,Technician,9.92,10.61,265.25
499,2,Material,Aluminum,175.59,167.3,1673.0
500,3,Labor,Engineer,7.28,7.37,184.25
501,5,Material,Plastic,66.95,68.04,680.4
502,1,Material,Aluminum,192.21,207.52,2075.2
503,2,Material,Steel,90.09,82.32,823.2
504,4,Energy,Diesel,147.58,149.55,22.43
505,1,Material,Copper,185.98,194.08,1940.8
506,2,Energy,Solar Power,431.33,397.99,59.7
507,4,Labor,Supervisor,8.35,8.28,207.0
508,4,Labor,Manager,9.29,9.32,233.0
509,4,Material,Steel,143.15,147.45,1474.5
510,2,Labor,Engineer,8.49,8.09,202.25
511,5,Energy,Wind Power,350.79,368.05,55.21
512,5,Energy,Solar Power,211.08,204.78,30.72
513,4,Labor,Engineer,5.2,5.22,130.5
514,3,Material,Rubber,87.18,81.35,813.5
515,3,Material,Aluminum,146.02,132.41,1324.1
516,2,Material,Wood,73.89,72.28,722.8
517,4,Labor,Supervisor,5.09,4.94,123.5
518,2,Energy,Wind Power,356.03,352.25,52.84
519,2,Labor,Technician,9.53,10.42,260.5
520,5,Labor,Engineer,6.18,6.72,168.0
521,1,Labor,Manager,7.87,7.23,180.75
522,5,Material,Wood,125.85,134.96,1349.6
523,2,Labor,Operator,6.83,7.12,178.0
524,2,Material,Copper,95.78,87.04,870.4
525,1,Labor,Technician,2.05,2.07,51.75
526,1,Energy,Solar Power,235.79,213.08,31.96
527,5,Labor,Technician,6.63,7.22,180.5
528,4,Energy,Electricity,123.0,112.2,16.83
529,4,Labor,Supervisor,9.64,10.34,258.5
530,2,Material,Plastic,143.52,137.97,1379.7
531,2,Labor,Operator,5.62,5.57,139.25
532,5,Labor,Manager,7.65,7.18,179.5
533,1,Energy,Natural Gas,426.86,452.3,67.84
534,5,Energy,Solar Power,228.81,227.33,34.1
535,1,Labor,Technician,4.28,4.36,109.0
536,3,Labor,Operator,9.27,10.17,254.25
537,1,Material,Wood,121.48,118.54,1185.4
538,4,Material,Steel,162.72,158.87,1588.7
539,3,Labor,Supervisor,5.09,4.67,116.75
540,3,Labor,Technician,4.71,4.63,115.75
541,1,Energy,Natural Gas,313.28,323.98,48.6
542,1,Energy,Wind Power,210.98,192.48,28.87
543,5,Energy,Natural Gas,339.56,369.96,55.49
544,2,Energy,Electricity,425.63,448.04,67.21
545,4,Labor,Supervisor,7.53,7.91,197.75
546,1,Material,Wood,56.06,53.56,535.6
547,1,Energy,Wind Power,479.32,447.28,67.09
548,4,Energy,Natural Gas,474.79,467.69,70.15
549,2,Labor,Supervisor,3.28,3.35,83.75
550,3,Energy,Natural Gas,380.02,358.88,53.83
551,5,Energy,Natural Gas,365.71,382.42,57.36
552,2,Labor,Manager,6.05,5.74,143.5
553,2,Labor,Operator,9.68,9.51,237.75
554,4,Material,Plastic,101.81,97.85,978.5
555,4,Material,Aluminum,169.69,183.37,1833.7
556,1,Energy,Natural Gas,379.74,407.71,61.16
557,2,Material,Aluminum,55.56,54.98,549.8
558,3,Material,Copper,107.58,114.01,1140.1
559,3,Labor,Technician,7.99,7.62,190.5
560,2,Labor,Technician,1.79,1.63,40.75
561,1,Material,Wood,138.65,143.07,1430.7
562,4,Labor,Supervisor,1.02,0.98,24.5
563,3,Labor,Supervisor,9.8,10.42,260.5
564,5,Energy,Solar Power,230.66,226.1,33.91
565,1,Energy,Solar Power,192.13,182.28,27.34
566,4,Material,Steel,160.87,175.58,1755.8
567,1,Labor,Technician,6.52,6.64,166.0
568,3,Material,Copper,116.96,117.17,1171.7
569,1,Energy,Solar Power,156.2,150.25,22.54
570,4,Energy,Natural Gas,338.57,315.47,47.32
571,3,Energy,Natural Gas,217.87,224.61,33.69
572,1,Labor,Supervisor,1.04,0.94,23.5
573,2,Material,Copper,191.54,183.27,1832.7
574,2,Energy,Solar Power,242.13,231.82,34.77
575,5,Material,Plastic,126.46,127.25,1272.5
576,3,Energy,Electricity,396.93,399.83,59.97
577,4,Labor,Engineer,4.0,3.63,90.75
578,1,Material,Aluminum,51.14,53.17,531.7
579,5,Labor,Supervisor,7.04,7.56,189.0
580,4,Material,Wood,90.56,97.43,974.3
581,2,Energy,Wind Power,152.52,159.85,23.98
582,2,Energy,Electricity,447.56,440.26,66.04
583,3,Material,Steel,147.9,143.05,1430.5
584,2,Labor,Technician,2.76,2.72,68.0
585,1,Labor,Technician,9.44,9.93,248.25
586,1,Energy,Wind Power,252.69,236.31,35.45
587,3,Labor,Operator,7.71,7.87,196.75
588,2,Material,Rubber,104.83,96.71,967.1
589,4,Labor,Technician,1.31,1.35,33.75
590,3,Energy,Natural Gas,225.79,205.77,30.87
591,5,Material,Rubber,147.65,144.39,1443.9
592,2,Energy,Diesel,211.8,209.55,31.43
593,4,Labor,Operator,2.07,2.22,55.5
594,1,Labor,Operator,3.63,3.49,87.25
595,1,Material,Plastic,64.12,59.57,595.7
596,5,Material,Wood,83.24,75.31,753.1
597,3,Material,Rubber,109.01,100.37,1003.7
598,5,Energy,Wind Power,440.13,478.87,71.83
599,5,Material,Wood,62.37,61.0,610.0
600,1,Energy,Natural Gas,294.34,268.38,40.26
601,5,Energy,Natural Gas,222.68,232.18,34.83
602,1,Energy,Solar Power,321.12,333.14,49.97
603,2,Energy,Natural Gas,441.14,474.47,71.17
604,4,Labor,Operator,4.95,5.37,134.25
605,2,Labor,Engineer,1.51,1.37,34.25
606,5,Material,Plastic,187.93,202.93,2029.3
607,4,Energy,Solar Power,126.87,125.12,18.77
608,4,Energy,Diesel,339.2,334.05,50.11
609,3,Energy,Solar Power,300.11,295.69,44.35
610,4,Labor,Engineer,3.27,3.12,78.0
611,1,Energy,Wind Power,453.34,414.79,62.22
612,5,Energy,Diesel,166.77,175.82,26.37
613,4,Labor,Technician,4.18,3.83,95.75
614,2,Material,Plastic,156.78,159.54,1595.4
615,4,Material,Aluminum,149.79,155.03,1550.3
616,4,Energy,Solar Power,421.65,427.92,64.19
617,5,Labor,Technician,2.97,3.12,78.0
618,5,Material,Steel,193.91,194.54,1945.4
619,3,Material,Aluminum,190.15,184.81,1848.1
620,3,Material,Rubber,149.74,161.69,1616.9
621,2,Labor,Manager,8.44,8.61,215.25
622,5,Material,Plastic,143.58,155.99,1559.9
623,1,Labor,Supervisor,3.88,3.84,96.0
624,4,Energy,Diesel,287.09,259.93,38.99
625,2,Labor,Operator,5.58,5.07,126.75
626,3,Material,Rubber,56.56,57.1,571.0
627,4,Labor,Manager,8.26,8.76,219.0
628,5,Labor,Supervisor,9.58,8.8,220.0
629,4,Material,Wood,65.5,63.84,638.4
630,2,Energy,Solar Power,212.72,220.66,33.1
631,5,Labor,Supervisor,4.58,4.71,117.75
632,5,Energy,Wind Power,389.38,368.0,55.2
633,3,Material,Plastic,73.21,75.81,758.1
634,4,Labor,Technician,9.55,9.1,227.5
635,3,Material,Plastic,173.94,183.64,1836.4
636,2,Energy,Electricity,176.26,172.47,25.87
637,5,Energy,Electricity,303.59,301.33,45.2
638,5,Labor,Supervisor,6.83,7.27,181.75
639,4,Material,Copper,78.83,82.08,820.8
640,2,Energy,Electricity,143.79,141.69,21.25
641,3,Labor,Engineer,2.69,2.71,67.75
642,2,Material,Copper,109.12,100.29,1002.9
643,5,Energy,Natural Gas,217.23,234.97,35.25
644,3,Material,Wood,166.03,166.62,1666.2
645,3,Labor,Manager,7.37,7.13,178.25
646,1,Energy,Natural Gas,410.88,437.11,65.57
647,2,Material,Plastic,97.24,92.61,926.1
648,1,Energy,Natural Gas,296.44,312.59,46.89
649,3,Energy,Natural Gas,419.85,378.98,56.85
650,3,Labor,Operator,1.74,1.72,43.0
651,5,Energy,Diesel,332.56,353.7,53.05
652,2,Labor,Manager,2.21,2.11,52.75
653,3,Material,Rubber,143.41,139.01,1390.1
654,2,Labor,Manager,9.61,10.01,250.25
655,4,Labor,Technician,4.06,4.06,101.5
656,2,Energy,Natural Gas,373.17,384.67,57.7
657,2,Labor,Technician,2.1,2.17,54.25
658,4,Material,Aluminum,67.27,66.63,666.3
659,4,Material,Aluminum,171.89,178.76,1787.6
660,2,Labor,Operator,8.03,7.68,192.0
661,5,Energy,Wind Power,351.19,318.82,47.82
662,1,Material,Plastic,156.42,170.49,1704.9
663,1,Labor,Operator,6.82,7.42,185.5
664,3,Material,Wood,148.39,147.58,1475.8
665,1,Material,Wood,114.9,121.53,1215.3
666,1,Energy,Diesel,220.58,228.54,34.28
667,1,Labor,Supervisor,1.43,1.48,37.0
668,2,Material,Copper,104.15,96.41,964.1
669,4,Material,Aluminum,117.74,111.92,1119.2
670,5,Material,Copper,74.29,76.44,764.4
671,4,Energy,Wind Power,441.02,410.83,61.62
672,5,Labor,Supervisor,7.71,7.78,194.5
673,4,Energy,Diesel,246.08,229.22,34.38
674,4,Energy,Natural Gas,437.59,415.64,62.35
675,4,Energy,Wind Power,453.38,448.04,67.21
676,5,Energy,Wind Power,250.63,235.76,35.36
677,2,Labor,Technician,9.17,9.46,236.5
678,4,Labor,Supervisor,6.71,6.61,165.25
679,3,Labor,Technician,1.62,1.76,44.0
680,1,Energy,Natural Gas,395.94,374.58,56.19
681,2,Energy,Diesel,416.11,439.4,65.91
682,3,Energy,Diesel,328.14,301.71,45.26
683,2,Labor,Manager,9.17,8.38,209.5
684,4,Labor,Technician,1.48,1.51,37.75
685,1,Labor,Engineer,7.58,7.0,175.0
686,2,Labor,Supervisor,9.0,8.2,205.0
687,3,Labor,Operator,1.55,1.7,42.5
688,5,Labor,Technician,8.06,8.61,215.25
689,1,Energy,Solar Power,349.19,335.06,50.26
690,3,Labor,Engineer,7.76,7.05,176.25
691,5,Energy,Natural Gas,208.11,209.29,31.39
692,5,Labor,Engineer,5.68,5.8,145.0
693,4,Labor,Technician,5.68,5.28,132.0
694,2,Labor,Engineer,3.34,3.21,80.25
695,3,Material,Wood,77.95,70.55,705.5
696,4,Labor,Manager,7.88,8.04,201.0
697,3,Material,Plastic,148.11,150.9,1509.0
698,4,Labor,Operator,9.06,9.74,243.5
699,2,Labor,Technician,7.77,8.5,212.5
700,4,Energy,Diesel,434.56,472.99,70.95
701,1,Energy,Wind Power,273.14,298.43,44.76
702,1,Material,Steel,154.85,153.98,1539.8
703,5,Energy,Solar Power,208.25,225.99,33.9
704,4,Labor,Engineer,1.18,1.09,27.25
705,4,Material,Wood,103.35,100.11,1001.1
706,1,Material,Aluminum,125.88,124.93,1249.3
707,4,Material,Rubber,88.92,90.05,900.5
708,5,Energy,Electricity,260.24,256.57,38.49
709,5,Material,Aluminum,170.83,182.3,1823.0
710,4,Labor,Supervisor,2.56,2.41,60.25
711,5,Labor,Operator,6.16,6.3,157.5
712,4,Material,Aluminum,124.31,119.24,1192.4
713,2,Labor,Supervisor,7.9,8.46,211.5
714,5,Material,Aluminum,155.78,153.62,1536.2
715,2,Material,Aluminum,148.73,159.2,1592.0
716,1,Energy,Electricity,270.22,261.17,39.18
717,1,Energy,Diesel,384.72,354.07,53.11
718,1,Material,Steel,179.24,188.52,1885.2
719,3,Labor,Technician,7.7,8.15,203.75
720,2,Energy,Diesel,375.75,403.02,60.45
721,4,Material,Steel,90.02,90.37,903.7
722,4,Material,Rubber,60.97,55.48,554.8
723,2,Material,Plastic,188.12,199.9,1999.0
724,5,Energy,Natural Gas,310.71,292.64,43.9
725,2,Material,Plastic,87.37,92.94,929.4
726,2,Labor,Supervisor,5.27,5.2,130.0
727,1,Labor,Operator,2.39,2.19,54.75
728,5,Material,Wood,170.09,166.0,1660.0
729,3,Energy,Solar Power,390.61,362.37,54.36
730,3,Labor,Engineer,3.32,3.23,80.75
731,2,Labor,Technician,1.8,1.98,49.5
732,5,Material,Wood,190.0,198.99,1989.9
733,2,Labor,Technician,7.56,7.98,199.5
734,4,Energy,Solar Power,213.77,221.52,33.23
735,5,Energy,Diesel,231.17,223.68,33.55
736,5,Energy,Wind Power,473.65,487.45,73.12
737,3,Material,Aluminum,165.38,152.45,1524.5
738,3,Energy,Wind Power,320.45,328.88,49.33
739,3,Material,Wood,144.21,131.13,1311.3
740,4,Material,Rubber,136.34,131.49,1314.9
741,2,Labor,Technician,1.12,1.02,25.5
742,3,Energy,Diesel,377.0,370.02,55.5
743,4,Labor,Supervisor,6.96,7.48,187.0
744,2,Material,Plastic,106.77,102.13,1021.3
745,5,Material,Plastic,82.19,84.72,847.2
746,3,Material,Plastic,85.92,83.74,837.4
747,4,Labor,Technician,6.64,6.86,171.5
748,2,Energy,Wind Power,120.28,129.03,19.35
749,1,Energy,Solar Power,124.27,123.82,18.57
750,3,Material,Steel,182.22,167.97,1679.7
751,4,Labor,Supervisor,5.36,5.16,129.0
752,3,Labor,Engineer,1.21,1.28,32.0
753,4,Material,Plastic,51.37,52.23,522.3
754,3,Labor,Engineer,5.06,4.59,114.75
755,5,Energy,Solar Power,437.96,441.11,66.17
756,4,Labor,Engineer,1.72,1.76,44.0
757,2,Energy,Electricity,376.5,342.72,51.41
758,5,Energy,Solar Power,234.9,218.38,32.76
759,3,Energy,Wind Power,261.69,266.89,40.03
760,4,Energy,Natural Gas,389.32,352.77,52.92
761,2,Labor,Engineer,9.49,8.96,224.0
762,2,Energy,Natural Gas,464.85,446.29,66.94
763,4,Material,Wood,108.23,117.82,1178.2
764,2,Energy,Electricity,124.56,137.01,20.55
765,3,Labor,Manager,6.46,6.42,160.5
766,1,Labor,Operator,2.21,2.42,60.5
767,2,Labor,Manager,1.87,1.84,46.0
768,1,Energy,Natural Gas,464.51,429.26,64.39
769,1,Labor,Technician,1.32,1.41,35.25
770,5,Labor,Supervisor,4.57,4.95,123.75
771,2,Material,Copper,186.5,177.84,1778.4
772,4,Labor,Engineer,5.05,5.1,127.5
773,3,Labor,Supervisor,7.07,7.18,179.5
774,3,Material,Aluminum,172.34,169.71,1697.1
775,1,Labor,Manager,7.78,7.81,195.25
776,2,Energy,Natural Gas,332.21,364.19,54.63
777,2,Labor,Engineer,8.11,8.73,218.25
778,2,Energy,Natural Gas,356.88,336.33,50.45
779,5,Material,Plastic,52.95,51.24,512.4
780,3,Labor,Engineer,9.58,8.66,216.5
781,2,Energy,Solar Power,396.71,433.58,65.04
782,3,Energy,Wind Power,175.27,172.5,25.88
783,2,Labor,Engineer,6.04,5.8,145.0
784,1,Material,Rubber,89.03,96.87,968.7
785,4,Labor,Manager,9.1,8.61,215.25
786,3,Material,Copper,65.12,67.22,672.2
787,5,Labor,Manager,3.62,3.5,87.5
788,5,Energy,Wind Power,306.65,293.65,44.05
789,5,Material,Copper,195.62,208.67,2086.7
790,4,Material,Copper,74.77,77.97,779.7
791,1,Material,Copper,106.18,105.5,1055.0
792,4,Energy,Natural Gas,268.97,282.58,42.39
793,4,Energy,Wind Power,449.11,426.27,63.94
794,1,Labor,Supervisor,9.83,10.78,269.5
795,1,Energy,Diesel,226.77,232.05,34.81
796,2,Energy,Natural Gas,453.89,424.79,63.72
797,1,Energy,Natural Gas,176.19,177.29,26.59
798,5,Labor,Technician,8.49,9.19,229.75
799,4,Labor,Manager,1.04,1.08,27.0
800,1,Energy,Electricity,404.64,430.37,64.56
801,2,Material,Steel,155.87,151.99,1519.9
802,2,Labor,Technician,6.51,6.45,161.25
803,4,Labor,Engineer,7.36,7.55,188.75
804,5,Material,Aluminum,98.64,91.89,918.9
805,2,Material,Plastic,182.61,197.8,1978.0
806,4,Labor,Technician,6.94,6.67,166.75
807,1,Energy,Wind Power,481.55,454.81,68.22
808,3,Material,Plastic,177.87,172.72,1727.2
809,2,Material,Aluminum,195.55,201.85,2018.5
810,3,Material,Plastic,59.5,57.26,572.6
811,5,Energy,Solar Power,256.23,237.46,35.62
812,1,Energy,Wind Power,123.27,121.83,18.27
813,1,Labor,Supervisor,2.0,2.03,50.75
814,5,Labor,Operator,5.65,5.87,146.75
815,2,Energy,Wind Power,306.49,333.34,50.0
816,3,Material,Steel,63.2,61.8,618.0
817,2,Labor,Supervisor,7.24,7.68,192.0
818,4,Labor,Manager,9.89,10.82,270.5
819,5,Energy,Wind Power,168.8,163.44,24.52
820,4,Material,Steel,112.63,120.2,1202.0
821,2,Material,Copper,75.37,81.14,811.4
822,4,Labor,Manager,1.36,1.47,36.75
823,3,Labor,Engineer,9.54,10.04,251.0
824,4,Energy,Electricity,489.1,534.76,80.21
825,5,Material,Steel,129.94,129.9,1299.0
826,5,Material,Rubber,78.24,77.81,778.1
827,1,Labor,Technician,3.15,3.41,85.25
828,5,Labor,Manager,4.81,4.52,113.0
829,3,Labor,Technician,2.27,2.06,51.5
830,4,Labor,Technician,2.16,1.96,49.0
831,5,Labor,Manager,8.69,8.28,207.0
832,3,Energy,Solar Power,247.33,258.64,38.8
833,4,Labor,Manager,1.73,1.79,44.75
834,5,Energy,Wind Power,168.94,159.73,23.96
835,2,Labor,Engineer,3.51,3.68,92.0
836,4,Energy,Solar Power,458.88,424.78,63.72
837,5,Material,Steel,129.65,139.9,1399.0
838,5,Labor,Engineer,5.81,5.86,146.5
839,3,Labor,Technician,9.51,9.58,239.5
840,4,Energy,Diesel,498.12,466.36,69.95
841,1,Material,Aluminum,176.6,168.59,1685.9
842,1,Energy,Solar Power,499.96,493.87,74.08
843,2,Energy,Diesel,411.49,432.02,64.8
844,4,Energy,Solar Power,216.78,211.73,31.76
845,5,Labor,Manager,7.5,7.62,190.5
846,2,Energy,Electricity,211.96,210.52,31.58
847,3,Labor,Operator,4.81,4.35,108.75
848,4,Material,Plastic,184.07,186.21,1862.1
849,5,Material,Plastic,198.1,210.06,2100.6
850,3,Energy,Diesel,334.25,301.4,45.21
851,1,Energy,Solar Power,385.73,383.75,57.56
852,3,Energy,Solar Power,294.16,289.16,43.37
853,4,Energy,Natural Gas,264.07,258.83,38.82
854,4,Labor,Supervisor,5.91,5.84,146.0
855,5,Energy,Diesel,227.33,213.43,32.01
856,2,Energy,Diesel,375.47,399.24,59.89
857,2,Labor,Engineer,9.56,9.15,228.75
858,5,Labor,Supervisor,3.28,3.05,76.25
859,3,Energy,Wind Power,343.2,356.84,53.53
860,1,Labor,Technician,9.21,8.66,216.5
861,5,Labor,Engineer,3.99,3.7,92.5
862,3,Labor,Engineer,2.64,2.41,60.25
863,2,Material,Aluminum,194.15,206.86,2068.6
864,5,Material,Copper,71.09,65.36,653.6
865,2,Material,Rubber,171.03,168.08,1680.8
866,2,Material,Rubber,97.67,90.17,901.7
867,2,Labor,Operator,6.18,5.6,140.0
868,2,Labor,Technician,7.69,7.88,197.0
869,4,Material,Rubber,89.16,82.5,825.0
870,2,Energy,Solar Power,245.05,242.73,36.41
871,1,Labor,Supervisor,4.66,4.4,110.0
872,2,Material,Rubber,113.05,116.83,1168.3
873,1,Material,Rubber,123.55,128.32,1283.2
874,1,Material,Steel,93.74,100.06,1000.6
875,3,Energy,Diesel,317.96,290.3,43.55
876,1,Material,Steel,81.1,73.59,735.9
877,5,Labor,Engineer,5.68,5.82,145.5
878,1,Energy,Solar Power,407.89,406.85,61.03
879,1,Labor,Technician,5.53,5.78,144.5
880,3,Material,Copper,143.05,151.96,1519.6
881,2,Energy,Wind Power,239.84,235.0,35.25
882,4,Energy,Wind Power,147.25,136.67,20.5
883,5,Material,Aluminum,179.86,183.91,1839.1
884,5,Labor,Technician,5.52,5.08,127.0
885,5,Material,Rubber,110.15,119.27,1192.7
886,2,Energy,Solar Power,149.31,136.61,20.49
887,5,Material,Plastic,161.09,170.08,1700.8
888,4,Material,Plastic,182.39,165.92,1659.2
889,1,Energy,Solar Power,268.0,270.64,40.6
890,1,Labor,Operator,7.96,7.77,194.25
891,5,Labor,Engineer,2.44,2.55,63.75
892,2,Material,Wood,167.29,171.17,1711.7
893,1,Labor,Manager,6.58,6.02,150.5
894,3,Labor,Supervisor,1.7,1.84,46.0
895,2,Material,Plastic,131.91,141.11,1411.1
896,3,Labor,Manager,7.6,7.45,186.25
897,2,Energy,Electricity,138.06,151.68,22.75
898,3,Labor,Manager,7.93,8.59,214.75
899,3,Material,Plastic,160.66,151.42,1514.2
900,3,Energy,Natural Gas,421.14,410.53,61.58
901,3,Material,Plastic,158.07,169.16,1691.6
902,3,Energy,Electricity,327.71,309.94,46.49
903,2,Labor,Supervisor,7.14,6.8,170.0
904,2,Material,Steel,188.75,205.54,2055.4
905,1,Labor,Supervisor,7.73,7.52,188.0
906,2,Labor,Supervisor,7.35,6.92,173.0
907,1,Material,Copper,55.92,52.63,526.3
908,4,Labor,Manager,4.47,4.23,105.75
909,2,Labor,Engineer,3.74,3.73,93.25
910,5,Labor,Manager,1.25,1.3,32.5
911,5,Energy,Wind Power,389.65,371.54,55.73
912,4,Material,Steel,191.21,207.29,2072.9
913,5,Labor,Supervisor,6.87,6.99,174.75
914,3,Material,Copper,90.41,95.2,952.0
915,1,Labor,Manager,9.2,9.79,244.75
916,1,Energy,Electricity,279.59,297.28,44.59
917,3,Labor,Technician,5.19,4.85,121.25
918,5,Energy,Diesel,375.64,353.83,53.07
919,1,Energy,Natural Gas,434.7,461.59,69.24
920,2,Energy,Electricity,251.66,239.62,35.94
921,3,Energy,Natural Gas,405.93,439.41,65.91
922,2,Material,Rubber,94.08,93.18,931.8
923,2,Labor,Supervisor,3.06,3.06,76.5
924,4,Material,Copper,76.96,71.12,711.2
925,1,Energy,Diesel,469.01,444.45,66.67
926,1,Energy,Electricity,451.28,450.36,67.55
927,2,Labor,Technician,8.88,9.77,244.25
928,3,Energy,Wind Power,317.8,314.39,47.16
929,2,Energy,Wind Power,257.13,249.07,37.36
930,3,Material,Copper,85.82,94.24,942.4
931,1,Material,Wood,62.49,66.97,669.7
932,1,Material,Steel,137.33,140.9,1409.0
933,3,Energy,Wind Power,404.84,420.92,63.14
934,5,Material,Steel,50.54,50.75,507.5
935,3,Material,Plastic,51.97,55.53,555.3
936,5,Labor,Engineer,6.77,6.24,156.0
937,1,Material,Rubber,75.54,72.64,726.4
938,3,Material,Copper,98.37,97.22,972.2
939,4,Material,Rubber,85.95,86.42,864.2
940,5,Energy,Wind Power,181.36,175.32,26.3
941,5,Labor,Supervisor,3.01,3.23,80.75
942,2,Labor,Operator,9.16,9.54,238.5
943,1,Energy,Wind Power,492.27,515.09,77.26
944,1,Energy,Solar Power,316.43,300.93,45.14
945,1,Energy,Electricity,438.59,468.55,70.28
946,2,Labor,Supervisor,2.46,2.69,67.25
947,4,Energy,Diesel,229.13,224.11,33.62
948,1,Energy,Wind Power,254.64,262.42,39.36
949,3,Material,Wood,86.0,80.62,806.2
950,5,Labor,Manager,9.51,10.24,256.0
951,1,Material,Steel,196.77,199.77,1997.7
952,3,Material,Plastic,58.3,53.98,539.8
953,2,Labor,Operator,3.51,3.77,94.25
954,2,Material,Copper,192.58,203.1,2031.0
955,5,Material,Plastic,79.58,75.22,752.2
956,5,Energy,Natural Gas,184.88,187.29,28.09
957,3,Labor,Supervisor,6.59,6.1,152.5
958,4,Material,Aluminum,92.82,87.07,870.7
959,4,Material,Aluminum,154.21,150.17,1501.7
960,1,Material,Wood,183.61,168.81,1688.1
961,4,Labor,Technician,6.8,6.61,165.25
962,3,Energy,Solar Power,122.84,125.73,18.86
963,3,Labor,Manager,7.24,7.31,182.75
964,3,Material,Plastic,186.17,193.66,1936.6
965,2,Labor,Technician,6.39,6.09,152.25
966,5,Energy,Natural Gas,153.08,152.39,22.86
967,4,Energy,Wind Power,405.8,420.9,63.13
968,1,Material,Steel,64.76,70.09,700.9
969,2,Labor,Technician,4.87,4.85,121.25
970,5,Energy,Diesel,235.82,239.15,35.87
971,1,Labor,Manager,6.34,6.73,168.25
972,5,Material,Steel,69.01,67.0,670.0
973,4,Labor,Technician,5.19,4.72,118.0
974,5,Labor,Operator,9.41,9.52,238.0
975,4,Labor,Engineer,8.88,8.24,206.0
976,5,Energy,Diesel,401.35,412.34,61.85
977,4,Energy,Natural Gas,173.39,176.09,26.41
978,1,Labor,Manager,4.58,4.85,121.25
979,5,Labor,Engineer,4.19,3.86,96.5
980,1,Material,Steel,76.81,70.13,701.3
981,5,Labor,Engineer,8.84,8.5,212.5
982,3,Labor,Operator,8.82,8.26,206.5
983,4,Labor,Supervisor,9.0,9.38,234.5
984,3,Energy,Solar Power,379.18,396.72,59.51
985,1,Labor,Engineer,1.47,1.52,38.0
986,3,Labor,Operator,9.7,8.9,222.5
987,5,Material,Rubber,139.23,135.99,1359.9
988,3,Labor,Operator,1.53,1.53,38.25
989,1,Energy,Diesel,436.21,479.19,71.88
990,4,Material,Wood,114.39,122.58,1225.8
991,4,Energy,Electricity,199.06,212.26,31.84
992,3,Energy,Solar Power,403.14,420.48,63.07
993,4,Material,Plastic,119.08,127.09,1270.9
994,3,Labor,Manager,7.0,7.34,183.5
995,3,Labor,Operator,9.59,10.03,250.75
996,2,Material,Steel,181.43,197.31,1973.1
997,1,Material,Rubber,95.86,102.68,1026.8
998,1,Energy,Natural Gas,323.64,346.34,51.95
999,5,Labor,Manager,4.5,4.38,109.5
1000,4,Material,Wood,145.39,143.09,1430.9
